code,name,market
0000,Company 0000,
1301,極洋,1.0
1332,ニッスイ,1.0
1333,マルハニチロ,1.0
1375,ユキグニファクトリー,1.0
1377,サカタのタネ,1.0
1379,ホクト,1.0
1414,ショーボンドホールディングス,1.0
1417,ミライト・ワン,1.0
1419,タマホーム,1.0
1429,日本アクア,1.0
1433,ベステラ,1.0
1515,日鉄鉱業,1.0
1518,三井松島ホールディングス,1.0
1605,ＩＮＰＥＸ,1.0
1662,石油資源開発,1.0
1663,Ｋ＆Ｏエナジーグループ,1.0
167A,リョーサン菱洋ホールディングス,1.0
1719,安藤・間,1.0
1720,東急建設,1.0
1721,コムシスホールディングス,1.0
1726,ビーアールホールディングス,1.0
1762,高松コンストラクショングループ,1.0
1766,東建コーポレーション,1.0
1780,ヤマウラ,1.0
1786,オリエンタル白石,1.0
1801,大成建設,1.0
1802,大林組,1.0
1803,清水建設,1.0
1808,長谷工コーポレーション,1.0
1812,鹿島建設,1.0
1813,不動テトラ,1.0
1814,大末建設,1.0
1815,鉄建建設,1.0
1820,西松建設,1.0
1821,三井住友建設,1.0
1833,奥村組,1.0
1835,東鉄工業,1.0
1852,淺沼組,1.0
1860,戸田建設,1.0
1861,熊谷組,1.0
1870,矢作建設工業,1.0
1871,ピーエス・コンストラクション,1.0
1873,日本ハウスホールディングス,1.0
1878,大東建託,1.0
1879,新日本建設,1.0
1882,東亜道路工業,1.0
1884,日本道路,1.0
1885,東亜建設工業,1.0
1887,日本国土開発,1.0
1888,若築建設,1.0
1890,東洋建設,1.0
1893,五洋建設,1.0
1898,世紀東急工業,1.0
1899,福田組,1.0
1911,住友林業,1.0
1925,大和ハウス工業,1.0
1926,ライト工業,1.0
1928,積水ハウス,1.0
1929,日特建設,1.0
1930,北陸電気工事,1.0
1934,ユアテック,1.0
1938,日本リーテック,1.0
1939,四電工,1.0
1941,中電工,1.0
1942,関電工,1.0
1944,きんでん,1.0
1945,東京エネシス,1.0
1946,トーエネック,1.0
1949,住友電設,1.0
1950,日本電設工業,1.0
1951,エクシオグループ,1.0
1952,新日本空調,1.0
1959,クラフティア,1.0
1961,三機工業,1.0
1963,日揮ホールディングス,1.0
1964,中外炉工業,1.0
1968,太平電業,1.0
1969,高砂熱学工業,1.0
1975,朝日工業社,1.0
1976,明星工業,1.0
1979,大氣社,1.0
1980,ダイダン,1.0
1982,日比谷総合設備,1.0
2001,ニップン,1.0
2002,日清製粉グループ本社,1.0
2004,昭和産業,1.0
2053,中部飼料,1.0
2060,フィード・ワン,1.0
2108,日本甜菜製糖,1.0
2109,ＤＭ三井製糖,1.0
2117,ウェルネオシュガー,1.0
2120,ＬＩＦＵＬＬ,1.0
2121,ＭＩＸＩ,1.0
2124,ジェイエイシーリクルートメント,1.0
2127,日本Ｍ＆Ａセンターホールディングス,1.0
212A,フィットイージー,1.0
2130,メンバーズ,1.0
2146,ＵＴグループ,1.0
2148,アイティメディア,1.0
2150,ケアネット,1.0
2153,Ｅ・Ｊホールディングス,1.0
2154,オープンアップグループ,1.0
2157,コシダカホールディングス,1.0
2163,アルトナー,1.0
2168,パソナグループ,1.0
2170,リンクアンドモチベーション,1.0
2175,エス・エム・エス,1.0
2181,パーソルホールディングス,1.0
2198,アイ・ケイ・ケイホールディングス,1.0
2201,森永製菓,1.0
2206,江崎グリコ,1.0
2207,ｍｅｉｔｏ,1.0
2209,井村屋グループ,1.0
2211,不二家,1.0
2212,山崎製パン,1.0
2217,モロゾフ,1.0
2220,亀田製菓,1.0
2222,寿スピリッツ,1.0
2229,カルビー,1.0
2264,森永乳業,1.0
2266,六甲バター,1.0
2267,ヤクルト本社,1.0
2269,明治ホールディングス,1.0
2270,雪印メグミルク,1.0
2281,プリマハム,1.0
2282,日本ハム,1.0
2288,丸大食品,1.0
2292,Ｓ　Ｆｏｏｄｓ,1.0
2294,柿安本店,1.0
2296,伊藤ハム米久ホールディングス,1.0
2301,学情,1.0
2307,クロスキャット,1.0
2317,システナ,1.0
2325,ＮＪＳ,1.0
2326,デジタルアーツ,1.0
2327,日鉄ソリューションズ,1.0
2331,ＡＬＳＯＫ,1.0
2335,キューブシステム,1.0
2337,いちご,1.0
2353,日本駐車場開発,1.0
2359,コア,1.0
2371,カカクコム,1.0
2374,セントケア・ホールディング,1.0
2378,ルネサンス,1.0
2379,ディップ,1.0
2384,ＳＢＳホールディングス,1.0
2389,デジタルホールディングス,1.0
2395,新日本科学,1.0
2410,キャリアデザインセンター,1.0
2413,エムスリー,1.0
2429,ワールドホールディングス,1.0
2432,ディー・エヌ・エー,1.0
2433,博報堂ＤＹホールディングス,1.0
2445,タカミヤ,1.0
2461,ファンコミュニケーションズ,1.0
2462,ライク,1.0
2471,エスプール,1.0
2475,ＷＤＢホールディングス,1.0
2491,バリューコマース,1.0
2492,インフォマート,1.0
2501,サッポロホールディングス,1.0
2502,アサヒグループホールディングス,1.0
2503,キリンホールディングス,1.0
2531,宝ホールディングス,1.0
2533,オエノンホールディングス,1.0
2540,養命酒製造,1.0
256A,飛島ホールディングス,1.0
2579,コカ・コーラ　ボトラーズジャパンホールディングス,1.0
2585,ライフドリンク　カンパニー,1.0
2587,サントリー食品インターナショナル,1.0
2590,ダイドーグループホールディングス,1.0
2593,伊藤園,1.0
25935,伊藤園第１種優先株式,1.0
2594,キーコーヒー,1.0
2602,日清オイリオグループ,1.0
2607,不二製油,1.0
2613,Ｊ－オイルミルズ,1.0
262A,インターメスティック,1.0
2659,サンエー,1.0
2664,カワチ薬品,1.0
2670,エービーシー・マート,1.0
2674,ハードオフコーポレーション,1.0
2676,高千穂交易,1.0
2678,アスクル,1.0
2681,ゲオホールディングス,1.0
2685,アンドエスティＨＤ,1.0
268A,リガク・ホールディングス,1.0
2692,伊藤忠食品,1.0
2695,くら寿司,1.0
2726,パルグループホールディングス,1.0
2730,エディオン,1.0
2733,あらた,1.0
2734,サーラコーポレーション,1.0
2737,トーメンデバイス,1.0
2742,ハローズ,1.0
2749,ＪＰホールディングス,1.0
2752,フジオフードグループ本社,1.0
2753,あみやき亭,1.0
2760,東京エレクトロン　デバイス,1.0
2767,円谷フィールズホールディングス,1.0
2768,双日,1.0
2784,アルフレッサ　ホールディングス,1.0
2791,大黒天物産,1.0
2792,ハニーズホールディングス,1.0
2801,キッコーマン,1.0
2802,味の素,1.0
2804,ブルドックソース,1.0
2809,キユーピー,1.0
2810,ハウス食品グループ本社,1.0
2811,カゴメ,1.0
2815,アリアケジャパン,1.0
285A,キオクシアホールディングス,1.0
2871,ニチレイ,1.0
2874,横浜冷凍,1.0
2875,東洋水産,1.0
2882,イートアンドホールディングス,1.0
2884,ヨシムラ・フード・ホールディングス,1.0
2897,日清食品ホールディングス,1.0
2908,フジッコ,1.0
2910,ロック・フィールド,1.0
2914,日本たばこ産業,1.0
2915,ケンコーマヨネーズ,1.0
2918,わらべや日洋ホールディングス,1.0
2922,なとり,1.0
2929,ファーマフーズ,1.0
2930,北の達人コーポレーション,1.0
2931,ユーグレナ,1.0
2933,紀文食品,1.0
2935,ピックルスホールディングス,1.0
2975,スター・マイカ・ホールディングス,1.0
2980,ＳＲＥホールディングス,1.0
2982,ＡＤワークスグループ,1.0
3002,グンゼ,1.0
3003,ヒューリック,1.0
3028,アルペン,1.0
3031,ラクーンホールディングス,1.0
3034,クオールホールディングス,1.0
3036,アルコニックス,1.0
3038,神戸物産,1.0
3040,ソリトンシステムズ,1.0
3046,ジンズホールディングス,1.0
3048,ビックカメラ,1.0
3050,ＤＣＭホールディングス,1.0
3064,ＭｏｎｏｔａＲＯ,1.0
3073,ＤＤグループ,1.0
3076,あい　ホールディングス,1.0
3086,Ｊ．フロント　リテイリング,1.0
3087,ドトール・日レスホールディングス,1.0
3088,マツキヨココカラ＆カンパニー,1.0
3091,ブロンコビリー,1.0
3092,ＺＯＺＯ,1.0
3093,トレジャー・ファクトリー,1.0
3097,物語コーポレーション,1.0
3099,三越伊勢丹ホールディングス,1.0
3101,東洋紡,1.0
3103,ユニチカ,1.0
3104,富士紡ホールディングス,1.0
3105,日清紡ホールディングス,1.0
3106,倉敷紡績,1.0
3107,ダイワボウホールディングス,1.0
3109,シキボウ,1.0
3110,日東紡績,1.0
3116,トヨタ紡織,1.0
3132,マクニカホールディングス,1.0
3135,マーケットエンタープライズ,1.0
3139,ラクト・ジャパン,1.0
3141,ウエルシアホールディングス,1.0
3148,クリエイトＳＤホールディングス,1.0
3150,グリムス,1.0
3151,バイタルケーエスケー・ホールディングス,1.0
3153,八洲電機,1.0
3154,メディアスホールディングス,1.0
3156,レスター,1.0
3167,ＴＯＫＡＩホールディングス,1.0
3176,三洋貿易,1.0
3179,シュッピン,1.0
3180,ビューティガレージ,1.0
3182,オイシックス・ラ・大地,1.0
3183,ウイン・パートナーズ,1.0
3186,ネクステージ,1.0
3191,ジョイフル本田,1.0
3193,エターナルホスピタリティグループ,1.0
3196,ホットランドホールディングス,1.0
3197,すかいらーくホールディングス,1.0
3198,ＳＦＰホールディングス,1.0
3199,綿半ホールディングス,1.0
3201,日本毛織,1.0
3221,ヨシックスホールディングス,1.0
3231,野村不動産ホールディングス,1.0
3232,三重交通グループホールディングス,1.0
3245,ディア・ライフ,1.0
3252,地主,1.0
3276,ＪＰＭＣ,1.0
3284,フージャースホールディングス,1.0
3288,オープンハウスグループ,1.0
3289,東急不動産ホールディングス,1.0
3291,飯田グループホールディングス,1.0
3302,帝国繊維,1.0
3315,日本コークス工業,1.0
3319,ゴルフダイジェスト・オンライン,1.0
3333,あさひ,1.0
3341,日本調剤,1.0
3349,コスモス薬品,1.0
3360,シップヘルスケアホールディングス,1.0
3371,ソフトクリエイトホールディングス,1.0
3382,セブン＆アイ・ホールディングス,1.0
3387,クリエイト・レストランツ・ホールディングス,1.0
3388,明治電機工業,1.0
3391,ツルハホールディングス,1.0
3393,スターティアホールディングス,1.0
3395,サンマルクホールディングス,1.0
3397,トリドールホールディングス,1.0
3401,帝人,1.0
3402,東レ,1.0
3405,クラレ,1.0
3407,旭化成,1.0
3415,ＴＯＫＹＯ　ＢＡＳＥ,1.0
3431,宮地エンジニアリンググループ,1.0
3433,トーカロ,1.0
3436,ＳＵＭＣＯ,1.0
3443,川田テクノロジーズ,1.0
3445,ＲＳ　Ｔｅｃｈｎｏｌｏｇｉｅｓ,1.0
3457,Ａｎｄ　Ｄｏホールディングス,1.0
3465,ケイアイスター不動産,1.0
3475,グッドコムアセット,1.0
3480,ジェイ・エス・ビー,1.0
3482,ロードスターキャピタル,1.0
3484,イノベーションホールディングス,1.0
3486,グローバル・リンク・マネジメント,1.0
3496,アズーム,1.0
3498,霞ヶ関キャピタル,1.0
3501,ＳＵＭＩＮＯＥ,1.0
3539,ＪＭホールディングス,1.0
3543,コメダホールディングス,1.0
3546,アレンザホールディングス,1.0
3548,バロックジャパンリミテッド,1.0
3549,クスリのアオキホールディングス,1.0
3561,力の源ホールディングス,1.0
3563,ＦＯＯＤ　＆　ＬＩＦＥ　ＣＯＭＰＡＮＩＥＳ,1.0
3569,セーレン,1.0
3580,小松マテーレ,1.0
3591,ワコールホールディングス,1.0
3593,ホギメディカル,1.0
3608,ＴＳＩホールディングス,1.0
3612,ワールド,1.0
3626,ＴＩＳ,1.0
3632,グリーホールディングス,1.0
3635,コーエーテクモホールディングス,1.0
3636,三菱総合研究所,1.0
3649,ファインデックス,1.0
3655,ブレインパッド,1.0
3656,ＫＬａｂ,1.0
3657,ポールトゥウィンホールディングス,1.0
3659,ネクソン,1.0
3660,アイスタイル,1.0
3661,エムアップホールディングス,1.0
3662,エイチームホールディングス,1.0
3663,セルシス,1.0
3665,エニグモ,1.0
3668,コロプラ,1.0
3673,ブロードリーフ,1.0
3676,デジタルハーツホールディングス,1.0
3678,メディアドゥ,1.0
3679,じげん,1.0
3681,ブイキューブ,1.0
3687,フィックスターズ,1.0
3688,ＣＡＲＴＡ　ＨＯＬＤＩＮＧＳ,1.0
368A,北里コーポレーション,1.0
3694,オプティム,1.0
3696,セレス,1.0
3697,ＳＨＩＦＴ,1.0
3708,特種東海製紙,1.0
3741,セック,1.0
3762,テクマトリックス,1.0
3763,プロシップ,1.0
3765,ガンホー・オンライン・エンターテイメント,1.0
3769,ＧＭＯペイメントゲートウェイ,1.0
3771,システムリサーチ,1.0
3774,インターネットイニシアティブ,1.0
3778,さくらインターネット,1.0
3788,ＧＭＯグローバルサイン・ホールディングス,1.0
3817,ＳＲＡホールディングス,1.0
3834,朝日ネット,1.0
3835,ｅＢＡＳＥ,1.0
3836,アバントグループ,1.0
3837,アドソル日進,1.0
3843,フリービット,1.0
3844,コムチュア,1.0
3853,アステリア,1.0
3854,アイル,1.0
3861,王子ホールディングス,1.0
3863,日本製紙,1.0
3864,三菱製紙,1.0
3865,北越コーポレーション,1.0
3877,中越パルプ工業,1.0
3880,大王製紙,1.0
3901,マークラインズ,1.0
3902,メディカル・データ・ビジョン,1.0
3903,ｇｕｍｉ,1.0
3915,テラスカイ,1.0
3916,デジタル・インフォメーション・テクノロジー,1.0
3921,ネオジャパン,1.0
3922,ＰＲ　ＴＩＭＥＳ,1.0
3923,ラクス,1.0
3924,ランドコンピュータ,1.0
3925,ダブルスタンダード,1.0
3926,オープンドア,1.0
3932,アカツキ,1.0
3937,Ｕｂｉｃｏｍホールディングス,1.0
3939,カナミックネットワーク,1.0
3941,レンゴー,1.0
3946,トーモク,1.0
3950,ザ・パック,1.0
3962,チェンジホールディングス,1.0
3963,シンクロ・フード,1.0
3964,オークネット,1.0
3968,セグエグループ,1.0
3983,オロ,1.0
3984,ユーザーローカル,1.0
3992,ニーズウェル,1.0
3993,ＰＫＳＨＡ　Ｔｅｃｈｎｏｌｏｇｙ,1.0
3994,マネーフォワード,1.0
4004,レゾナック・ホールディングス,1.0
4005,住友化学,1.0
4008,住友精化,1.0
4021,日産化学,1.0
4022,ラサ工業,1.0
4023,クレハ,1.0
4025,多木化学,1.0
4027,テイカ,1.0
4028,石原産業,1.0
4041,日本曹達,1.0
4042,東ソー,1.0
4043,トクヤマ,1.0
4044,セントラル硝子,1.0
4045,東亞合成,1.0
4046,大阪ソーダ,1.0
4047,関東電化工業,1.0
4051,ＧＭＯフィナンシャルゲート,1.0
4053,Ｓｕｎ　Ａｓｔｅｒｉｓｋ,1.0
4061,デンカ,1.0
4062,イビデン,1.0
4063,信越化学工業,1.0
4064,日本カーバイド工業,1.0
4071,プラスアルファ・コンサルティング,1.0
4072,電算システムホールディングス,1.0
4078,堺化学工業,1.0
4082,第一稀元素化学工業,1.0
4088,エア・ウォーター,1.0
4091,日本酸素ホールディングス,1.0
4092,日本化学工業,1.0
4095,日本パーカライジング,1.0
4097,高圧ガス工業,1.0
4099,四国化成ホールディングス,1.0
409A,オリオンビール,1.0
4109,ステラ　ケミファ,1.0
4112,保土谷化学工業,1.0
4114,日本触媒,1.0
4116,大日精化工業,1.0
4118,カネカ,1.0
4151,協和キリン,1.0
417A,ブルーゾーンホールディングス,1.0
4180,Ａｐｐｉｅｒ　Ｇｒｏｕｐ,1.0
4182,三菱瓦斯化学,1.0
4183,三井化学,1.0
4186,東京応化工業,1.0
4187,大阪有機化学工業,1.0
4188,三菱ケミカルグループ,1.0
4189,ＫＨネオケム,1.0
4194,ビジョナル,1.0
4202,ダイセル,1.0
4203,住友ベークライト,1.0
4204,積水化学工業,1.0
4205,日本ゼオン,1.0
4206,アイカ工業,1.0
4208,ＵＢＥ,1.0
4212,積水樹脂,1.0
4216,旭有機材,1.0
4218,ニチバン,1.0
4220,リケンテクノス,1.0
4221,大倉工業,1.0
4228,積水化成品工業,1.0
4229,群栄化学工業,1.0
4246,ダイキョーニシカワ,1.0
4249,森六,1.0
4251,恵和,1.0
4272,日本化薬,1.0
4275,カーリット,1.0
4290,プレステージ・インターナショナル,1.0
429A,テクセンドフォトマスク,1.0
4301,アミューズ,1.0
4307,野村総合研究所,1.0
4310,ドリームインキュベータ,1.0
4318,クイック,1.0
4323,日本システム技術,1.0
4324,電通グループ,1.0
4326,インテージホールディングス,1.0
4331,テイクアンドギヴ・ニーズ,1.0
4333,東邦システムサイエンス,1.0
4337,ぴあ,1.0
4343,イオンファンタジー,1.0
4344,ソースネクスト,1.0
4345,シーティーエス,1.0
4362,日本精化,1.0
4368,扶桑化学工業,1.0
4369,トリケミカル研究所,1.0
4373,シンプレクス・ホールディングス,1.0
4384,ラクスル,1.0
4385,メルカリ,1.0
4390,ＩＰＳ,1.0
4392,ＦＩＧ,1.0
4396,システムサポートホールディングス,1.0
4401,ＡＤＥＫＡ,1.0
4403,日油,1.0
4410,ハリマ化成グループ,1.0
4413,ボードルア,1.0
4432,ウイングアーク１ｓｔ,1.0
4433,ヒト・コミュニケーションズ・ホールディングス,1.0
4443,Ｓａｎｓａｎ,1.0
4446,Ｌｉｎｋ－Ｕグループ,1.0
4449,ギフティ,1.0
4452,花王,1.0
4461,第一工業製薬,1.0
4462,石原ケミカル,1.0
4471,三洋化成工業,1.0
4480,メドレー,1.0
4481,ベース,1.0
4483,ＪＭＤＣ,1.0
4502,武田薬品工業,1.0
4503,アステラス製薬,1.0
4506,住友ファーマ,1.0
4507,塩野義製薬,1.0
4516,日本新薬,1.0
4519,中外製薬,1.0
4521,科研製薬,1.0
4523,エーザイ,1.0
4526,理研ビタミン,1.0
4527,ロート製薬,1.0
4528,小野薬品工業,1.0
4530,久光製薬,1.0
4534,持田製薬,1.0
4536,参天製薬,1.0
4538,扶桑薬品工業,1.0
4540,ツムラ,1.0
4543,テルモ,1.0
4544,Ｈ．Ｕ．グループホールディングス,1.0
4547,キッセイ薬品工業,1.0
4548,生化学工業,1.0
4549,栄研化学,1.0
4552,ＪＣＲファーマ,1.0
4553,東和薬品,1.0
4554,富士製薬工業,1.0
4559,ゼリア新薬工業,1.0
4565,ネクセラファーマ,1.0
4568,第一三共,1.0
4569,杏林製薬,1.0
4574,大幸薬品,1.0
4577,ダイト,1.0
4578,大塚ホールディングス,1.0
4587,ペプチドリーム,1.0
4611,大日本塗料,1.0
4612,日本ペイントホールディングス,1.0
4613,関西ペイント,1.0
4617,中国塗料,1.0
4626,太陽ホールディングス,1.0
4631,ＤＩＣ,1.0
4633,サカタインクス,1.0
4634,ａｒｔｉｅｎｃｅ,1.0
4641,アルプス技研,1.0
4658,日本空調サービス,1.0
4661,オリエンタルランド,1.0
4662,フォーカスシステムズ,1.0
4665,ダスキン,1.0
4666,パーク２４,1.0
4668,明光ネットワークジャパン,1.0
4674,クレスコ,1.0
4676,フジ・メディア・ホールディングス,1.0
4680,ラウンドワン,1.0
4681,リゾートトラスト,1.0
4684,オービック,1.0
4686,ジャストシステム,1.0
4687,ＴＤＣソフト,1.0
4689,ＬＩＮＥヤフー,1.0
4694,ビー・エム・エル,1.0
4704,トレンドマイクロ,1.0
4709,ＩＤホールディングス,1.0
4714,リソー教育グループ,1.0
4718,早稲田アカデミー,1.0
4719,アルファシステムズ,1.0
471A,ＮＳグループ,1.0
4722,フューチャー,1.0
4725,ＣＡＣ　Ｈｏｌｄｉｎｇｓ,1.0
4732,ユー・エス・エス,1.0
4733,オービックビジネスコンサルタント,1.0
4743,アイティフォー,1.0
4751,サイバーエージェント,1.0
4755,楽天グループ,1.0
4763,クリーク・アンド・リバー社,1.0
4765,ＳＢＩグローバルアセットマネジメント,1.0
4768,大塚商会,1.0
4776,サイボウズ,1.0
4784,ＧＭＯインターネット,1.0
4792,山田コンサルティンググループ,1.0
4801,セントラルスポーツ,1.0
4809,パラカ,1.0
4812,電通総研,1.0
4813,ＡＣＣＥＳＳ,1.0
4819,デジタルガレージ,1.0
4820,イーエムシステムズ,1.0
4825,ウェザーニューズ,1.0
4826,ＣＩＪ,1.0
4828,ビジネスエンジニアリング,1.0
4839,ＷＯＷＯＷ,1.0
4845,スカラ,1.0
4847,インテリジェント　ウェイブ,1.0
4848,フルキャストホールディングス,1.0
4849,エン,1.0
4880,セルソース,1.0
4886,あすか製薬ホールディングス,1.0
4887,サワイグループホールディングス,1.0
4901,富士フイルムホールディングス,1.0
4902,コニカミノルタ,1.0
4911,資生堂,1.0
4912,ライオン,1.0
4914,高砂香料工業,1.0
4917,マンダム,1.0
4919,ミルボン,1.0
4922,コーセーホールディングス,1.0
4923,コタ,1.0
4927,ポーラ・オルビスホールディングス,1.0
4928,ノエビアホールディングス,1.0
4931,新日本製薬,1.0
4933,Ｉ－ｎｅ,1.0
4951,エステー,1.0
4956,コニシ,1.0
4958,長谷川香料,1.0
4967,小林製薬,1.0
4968,荒川化学工業,1.0
4971,メック,1.0
4973,日本高純度化学,1.0
4974,タカラバイオ,1.0
4975,ＪＣＵ,1.0
4980,デクセリアルズ,1.0
4985,アース製薬,1.0
4996,クミアイ化学工業,1.0
4997,日本農薬,1.0
5011,ニチレキグループ,1.0
5016,ＪＸ金属,1.0
5017,富士石油,1.0
5019,出光興産,1.0
5020,ＥＮＥＯＳホールディングス,1.0
5021,コスモエネルギーホールディングス,1.0
5032,ＡＮＹＣＯＬＯＲ,1.0
5036,日本ビジネスシステムズ,1.0
5074,テスホールディングス,1.0
5076,インフロニア・ホールディングス,1.0
50765,インフロニア・ホールディングス第１回社債型種類株式,1.0
5101,横浜ゴム,1.0
5105,ＴＯＹＯ　ＴＩＲＥ,1.0
5108,ブリヂストン,1.0
5110,住友ゴム工業,1.0
5121,藤倉コンポジット,1.0
5122,オカモト,1.0
5142,アキレス,1.0
5185,フコク,1.0
5186,ニッタ,1.0
5191,住友理工,1.0
5192,三ツ星ベルト,1.0
5195,バンドー化学,1.0
5201,ＡＧＣ,1.0
5202,日本板硝子,1.0
5208,有沢製作所,1.0
5214,日本電気硝子,1.0
5232,住友大阪セメント,1.0
5233,太平洋セメント,1.0
5261,リソルホールディングス,1.0
5262,日本ヒューム,1.0
5269,日本コンクリート工業,1.0
5288,アジアパイルホールディングス,1.0
5301,東海カーボン,1.0
5302,日本カーボン,1.0
5310,東洋炭素,1.0
5331,ノリタケ,1.0
5332,ＴＯＴＯ,1.0
5333,日本碍子,1.0
5334,日本特殊陶業,1.0
5344,ＭＡＲＵＷＡ,1.0
5351,品川リフラ,1.0
5352,黒崎播磨,1.0
5357,ヨータイ,1.0
5384,フジミインコーポレーテッド,1.0
5393,ニチアス,1.0
5401,日本製鉄,1.0
5406,神戸製鋼所,1.0
5408,中山製鋼所,1.0
5410,合同製鐵,1.0
5411,ＪＦＥホールディングス,1.0
5423,東京製鐵,1.0
5440,共英製鋼,1.0
5444,大和工業,1.0
5445,東京鐵鋼,1.0
5451,ヨドコウ,1.0
5461,中部鋼鈑,1.0
5463,丸一鋼管,1.0
5471,大同特殊鋼,1.0
5480,日本冶金工業,1.0
5482,愛知製鋼,1.0
5535,ミガロホールディングス,1.0
5541,大平洋金属,1.0
5563,新日本電工,1.0
5602,栗本鐵工所,1.0
5631,日本製鋼所,1.0
5632,三菱製鋼,1.0
5659,日本精線,1.0
5702,大紀アルミニウム工業所,1.0
5703,日本軽金属ホールディングス,1.0
5706,三井金属,1.0
5707,東邦亜鉛,1.0
5711,三菱マテリアル,1.0
5713,住友金属鉱山,1.0
5714,ＤＯＷＡホールディングス,1.0
5715,古河機械金属,1.0
5726,大阪チタニウムテクノロジーズ,1.0
5727,東邦チタニウム,1.0
5741,ＵＡＣＪ,1.0
5757,ＣＫサンエツ,1.0
5801,古河電気工業,1.0
5802,住友電気工業,1.0
5803,フジクラ,1.0
5805,ＳＷＣＣ,1.0
5821,平河ヒューテック,1.0
5830,いよぎんホールディングス,1.0
5831,しずおかフィナンシャルグループ,1.0
5832,ちゅうぎんフィナンシャルグループ,1.0
5838,楽天銀行,1.0
5844,京都フィナンシャルグループ,1.0
5851,リョービ,1.0
5852,アーレスティ,1.0
5857,ＡＲＥホールディングス,1.0
5889,Ｊａｐａｎ　Ｅｙｅｗｅａｒ　Ｈｏｌｄｉｎｇｓ,1.0
5901,東洋製罐グループホールディングス,1.0
5902,ホッカンホールディングス,1.0
5911,横河ブリッジホールディングス,1.0
5929,三和ホールディングス,1.0
5930,文化シヤッター,1.0
5932,三協立山,1.0
5933,アルインコ,1.0
5938,ＬＩＸＩＬ,1.0
5943,ノーリツ,1.0
5946,長府製作所,1.0
5947,リンナイ,1.0
5949,ユニプレス,1.0
5957,日東精工,1.0
5959,岡部,1.0
5970,ジーテクト,1.0
5975,東プレ,1.0
5976,高周波熱錬,1.0
5981,東京製綱,1.0
5988,パイオラックス,1.0
5989,エイチワン,1.0
5991,日本発條,1.0
6005,三浦工業,1.0
6013,タクマ,1.0
6027,弁護士ドットコム,1.0
6028,テクノプロ・ホールディングス,1.0
6035,アイ・アールジャパンホールディングス,1.0
6036,ＫｅｅＰｅｒ技研,1.0
6047,Ｇｕｎｏｓｙ,1.0
6050,イー・ガーディアン,1.0
6055,ジャパンマテリアル,1.0
6058,ベクトル,1.0
6062,チャーム・ケア・コーポレーション,1.0
6070,キャリアリンク,1.0
6071,ＩＢＪ,1.0
6073,アサンテ,1.0
6078,バリューＨＲ,1.0
6080,Ｍ＆Ａキャピタルパートナーズ,1.0
6088,シグマクシス・ホールディングス,1.0
6089,ウィルグループ,1.0
6095,メドピア,1.0
6098,リクルートホールディングス,1.0
6099,エラン,1.0
6101,ツガミ,1.0
6103,オークマ,1.0
6104,芝浦機械,1.0
6113,アマダ,1.0
6118,アイダエンジニアリング,1.0
6134,ＦＵＪＩ,1.0
6135,牧野フライス製作所,1.0
6136,オーエスジー,1.0
6140,旭ダイヤモンド工業,1.0
6141,ＤＭＧ森精機,1.0
6143,ソディック,1.0
6146,ディスコ,1.0
6151,日東工器,1.0
6167,冨士ダイス,1.0
6178,日本郵政,1.0
6183,ベルシステム２４ホールディングス,1.0
6184,鎌倉新書,1.0
6191,エアトリ,1.0
6194,アトラエ,1.0
6196,ストライク,1.0
6197,ソラスト,1.0
6200,インソース,1.0
6201,豊田自動織機,1.0
6209,リケンＮＰＲ,1.0
6222,島精機製作所,1.0
6235,オプトラン,1.0
6237,イワキポンプ,1.0
6238,フリュー,1.0
6240,ヤマシンフィルタ,1.0
6247,日阪製作所,1.0
6250,やまびこ,1.0
6254,野村マイクロ・サイエンス,1.0
6258,平田機工,1.0
6264,マルマエ,1.0
6266,タツモ,1.0
6268,ナブテスコ,1.0
6269,三井海洋開発,1.0
6272,レオン自動機,1.0
6273,ＳＭＣ,1.0
6277,ホソカワミクロン,1.0
6278,ユニオンツール,1.0
6279,瑞光,1.0
6282,オイレス工業,1.0
6284,日精エー・エス・ビー機械,1.0
6287,サトー,1.0
6289,技研製作所,1.0
6293,日精樹脂工業,1.0
6294,オカダアイヨン,1.0
6298,ワイエイシイホールディングス,1.0
6301,小松製作所,1.0
6302,住友重機械工業,1.0
6305,日立建機,1.0
6306,日工,1.0
6309,巴工業,1.0
6310,井関農機,1.0
6315,ＴＯＷＡ,1.0
6323,ローツェ,1.0
6326,クボタ,1.0
6328,荏原実業,1.0
6330,東洋エンジニアリング,1.0
6331,三菱化工機,1.0
6332,月島ホールディングス,1.0
6333,帝国電機製作所,1.0
6339,新東工業,1.0
6340,澁谷工業,1.0
6345,アイチ　コーポレーション,1.0
6349,小森コーポレーション,1.0
6351,鶴見製作所,1.0
6358,酒井重工業,1.0
6361,荏原製作所,1.0
6363,酉島製作所,1.0
6364,ＡＩＲＭＡＮ,1.0
6367,ダイキン工業,1.0
6368,オルガノ,1.0
6369,トーヨーカネツ,1.0
6370,栗田工業,1.0
6371,椿本チエイン,1.0
6376,日機装,1.0
6379,レイズネクスト,1.0
6381,アネスト岩田,1.0
6383,ダイフク,1.0
6387,サムコ,1.0
6390,加藤製作所,1.0
6395,タダノ,1.0
6406,フジテック,1.0
6407,ＣＫＤ,1.0
6412,平和,1.0
6413,理想科学工業,1.0
6417,ＳＡＮＫＹＯ,1.0
6418,日本金銭機械,1.0
6419,マースグループホールディングス,1.0
6420,ガリレイ,1.0
6430,ダイコク電機,1.0
6432,竹内製作所,1.0
6436,アマノ,1.0
6440,ＪＵＫＩ,1.0
6445,ジャノメ,1.0
6448,ブラザー工業,1.0
6454,マックス,1.0
6455,モリタホールディングス,1.0
6457,グローリー,1.0
6458,新晃工業,1.0
6459,大和冷機工業,1.0
6460,セガサミーホールディングス,1.0
6463,ＴＰＲ,1.0
6464,ツバキ・ナカシマ,1.0
6465,ホシザキ,1.0
6471,日本精工,1.0
6472,ＮＴＮ,1.0
6473,ジェイテクト,1.0
6474,不二越,1.0
6479,ミネベアミツミ,1.0
6480,日本トムソン,1.0
6481,ＴＨＫ,1.0
6486,イーグル工業,1.0
6490,ＰＩＬＬＡＲ,1.0
6498,キッツ,1.0
6501,日立製作所,1.0
6503,三菱電機,1.0
6504,富士電機,1.0
6506,安川電機,1.0
6507,シンフォニアテクノロジー,1.0
6508,明電舎,1.0
6516,山洋電気,1.0
6517,デンヨー,1.0
6523,ＰＨＣホールディングス,1.0
6525,ＫＯＫＵＳＡＩ　ＥＬＥＣＴＲＩＣ,1.0
6526,ソシオネクスト,1.0
6532,ベイカレント,1.0
6533,Ｏｒｃｈｅｓｔｒａ　Ｈｏｌｄｉｎｇｓ,1.0
6535,アイモバイル,1.0
6539,ＭＳ－Ｊａｐａｎ,1.0
6544,ジャパンエレベーターサービスホールディングス,1.0
6560,エル・ティー・エス,1.0
6564,ミダックホールディングス,1.0
6571,キュービーネットホールディングス,1.0
6572,オープングループ,1.0
6584,三櫻工業,1.0
6586,マキタ,1.0
6588,東芝テック,1.0
6590,芝浦メカトロニクス,1.0
6592,マブチモーター,1.0
6594,ニデック,1.0
6615,ユー・エム・シー・エレクトロニクス,1.0
6616,トレックス・セミコンダクター,1.0
6617,東光高岳,1.0
6619,ダブル・スコープ,1.0
6620,宮越ホールディングス,1.0
6622,ダイヘン,1.0
6630,ヤーマン,1.0
6632,ＪＶＣケンウッド,1.0
6638,ミマキエンジニアリング,1.0
6644,大崎電気工業,1.0
6645,オムロン,1.0
6651,日東工業,1.0
6652,ＩＤＥＣ,1.0
6653,正興電機製作所,1.0
6674,ジーエス・ユアサ　コーポレーション,1.0
6699,ダイヤモンドエレクトリックホールディングス,1.0
6701,日本電気,1.0
6702,富士通,1.0
6703,沖電気工業,1.0
6706,電気興業,1.0
6707,サンケン電気,1.0
6718,アイホン,1.0
6723,ルネサスエレクトロニクス,1.0
6724,セイコーエプソン,1.0
6727,ワコム,1.0
6728,アルバック,1.0
6737,ＥＩＺＯ,1.0
6740,ジャパンディスプレイ,1.0
6741,日本信号,1.0
6742,京三製作所,1.0
6744,能美防災,1.0
6745,ホーチキ,1.0
6750,エレコム,1.0
6752,パナソニック　ホールディングス,1.0
6753,シャープ,1.0
6754,アンリツ,1.0
6758,ソニーグループ,1.0
6762,ＴＤＫ,1.0
6763,帝国通信工業,1.0
6768,タムラ製作所,1.0
6770,アルプスアルパイン,1.0
6779,日本電波工業,1.0
6785,鈴木,1.0
6787,メイコー,1.0
6788,日本トリム,1.0
6794,フォスター電機,1.0
6798,ＳＭＫ,1.0
6800,ヨコオ,1.0
6804,ホシデン,1.0
6806,ヒロセ電機,1.0
6807,日本航空電子工業,1.0
6809,ＴＯＡ,1.0
6810,マクセル,1.0
6814,古野電気,1.0
6817,スミダコーポレーション,1.0
6820,アイコム,1.0
6823,リオン,1.0
6841,横河電機,1.0
6844,新電元工業,1.0
6845,アズビル,1.0
6849,日本光電工業,1.0
6850,チノー,1.0
6856,堀場製作所,1.0
6857,アドバンテスト,1.0
6859,エスペック,1.0
6861,キーエンス,1.0
6866,日置電機,1.0
6869,シスメックス,1.0
6871,日本マイクロニクス,1.0
6875,メガチップス,1.0
6879,ＩＭＡＧＩＣＡ　ＧＲＯＵＰ,1.0
6902,デンソー,1.0
6905,コーセル,1.0
6908,イリソ電子工業,1.0
6914,オプテックスグループ,1.0
6920,レーザーテック,1.0
6923,スタンレー電気,1.0
6925,ウシオ電機,1.0
6929,日本セラミック,1.0
6937,古河電池,1.0
6941,山一電機,1.0
6947,図研,1.0
6951,日本電子,1.0
6952,カシオ計算機,1.0
6954,ファナック,1.0
6958,日本シイエムケイ,1.0
6961,エンプラス,1.0
6962,大真空,1.0
6963,ローム,1.0
6965,浜松ホトニクス,1.0
6966,三井ハイテック,1.0
6971,京セラ,1.0
6976,太陽誘電,1.0
6981,村田製作所,1.0
6986,双葉電子工業,1.0
6988,日東電工,1.0
6995,東海理化電機製作所,1.0
6996,ニチコン,1.0
6997,日本ケミコン,1.0
6999,ＫＯＡ,1.0
7003,三井Ｅ＆Ｓ,1.0
7004,カナデビア,1.0
7011,三菱重工業,1.0
7012,川崎重工業,1.0
7013,ＩＨＩ,1.0
7033,マネジメントソリューションズ,1.0
7034,プロレド・パートナーズ,1.0
7038,フロンティア・マネジメント,1.0
7059,コプロ・ホールディングス,1.0
7071,アンビスホールディングス,1.0
7085,カーブスホールディングス,1.0
7088,フォーラムエンジニアリング,1.0
7092,Ｆａｓｔ　Ｆｉｔｎｅｓｓ　Ｊａｐａｎ,1.0
7095,Ｍａｃｂｅｅ　Ｐｌａｎｅｔ,1.0
7102,日本車輌製造,1.0
7128,ユニソルホールディングス,1.0
7130,ヤマエグループホールディングス,1.0
7148,ＦＰＧ,1.0
7157,ライフネット生命保険,1.0
7164,全国保証,1.0
7167,めぶきフィナンシャルグループ,1.0
7172,ジャパンインベストメントアドバイザー,1.0
7173,東京きらぼしフィナンシャルグループ,1.0
7180,九州フィナンシャルグループ,1.0
7181,かんぽ生命保険,1.0
7182,ゆうちょ銀行,1.0
7184,富山第一銀行,1.0
7186,横浜フィナンシャルグループ,1.0
7187,ジェイリース,1.0
7189,西日本フィナンシャルホールディングス,1.0
7198,ＳＢＩアルヒ,1.0
7199,プレミアグループ,1.0
7201,日産自動車,1.0
7202,いすゞ自動車,1.0
7203,トヨタ自動車,1.0
7205,日野自動車,1.0
7211,三菱自動車工業,1.0
7220,武蔵精密工業,1.0
7224,新明和工業,1.0
7226,極東開発工業,1.0
7231,トピー工業,1.0
7236,ティラド,1.0
7238,曙ブレーキ工業,1.0
7239,タチエス,1.0
7240,ＮＯＫ,1.0
7241,フタバ産業,1.0
7242,カヤバ,1.0
7244,市光工業,1.0
7245,大同メタル工業,1.0
7246,プレス工業,1.0
7250,太平洋工業,1.0
7259,アイシン,1.0
7261,マツダ,1.0
7267,本田技研工業,1.0
7269,スズキ,1.0
7270,ＳＵＢＡＲＵ,1.0
7272,ヤマハ発動機,1.0
7276,小糸製作所,1.0
7278,エクセディ,1.0
7280,ミツバ,1.0
7282,豊田合成,1.0
7283,愛三工業,1.0
7294,ヨロズ,1.0
7296,エフ・シー・シー,1.0
7309,シマノ,1.0
7313,テイ・エス　テック,1.0
7322,三十三フィナンシャルグループ,1.0
7327,第四北越フィナンシャルグループ,1.0
7337,ひろぎんホールディングス,1.0
7347,マーキュリアホールディングス,1.0
7350,おきなわフィナンシャルグループ,1.0
7366,ＬＩＴＡＬＩＣＯ,1.0
7380,十六フィナンシャルグループ,1.0
7381,ＣＣＩグループ,1.0
7383,ネットプロテクションズホールディングス,1.0
7384,プロクレアホールディングス,1.0
7388,ＦＰパートナー,1.0
7389,あいちフィナンシャルグループ,1.0
7414,小野建,1.0
7419,ノジマ,1.0
7420,佐鳥電機,1.0
7421,カッパ・クリエイト,1.0
7433,伯東,1.0
7438,コンドーテック,1.0
7447,ナガイレーベン,1.0
7453,良品計画,1.0
7456,松田産業,1.0
7458,第一興商,1.0
7459,メディパルホールディングス,1.0
7466,ＳＰＫ,1.0
7467,萩原電気ホールディングス,1.0
7475,アルビス,1.0
7476,アズワン,1.0
7482,シモジマ,1.0
7483,ドウシシャ,1.0
7504,高速,1.0
7508,Ｇ‐７ホールディングス,1.0
7510,たけびし,1.0
7513,コジマ,1.0
7516,コーナン商事,1.0
7520,エコス,1.0
7522,ワタミ,1.0
7525,リックス,1.0
7532,パン・パシフィック・インターナショナルホールディングス,1.0
7537,丸文,1.0
7545,西松屋チェーン,1.0
7550,ゼンショーホールディングス,1.0
75505,ゼンショーホールディングス第１回社債型種類株式,1.0
7552,ハピネット,1.0
7554,幸楽苑,1.0
7575,日本ライフライン,1.0
7581,サイゼリヤ,1.0
7593,ＶＴホールディングス,1.0
7595,アルゴグラフィックス,1.0
7596,魚力,1.0
7599,ＩＤＯＭ,1.0
7600,日本エム・ディ・エム,1.0
7605,フジ・コーポレーション,1.0
7606,ユナイテッドアローズ,1.0
7607,進和,1.0
7609,ダイトロン,1.0
7611,ハイデイ日高,1.0
7613,シークス,1.0
7616,コロワイド,1.0
7628,オーハシテクニカ,1.0
7630,壱番屋,1.0
7637,白銅,1.0
7649,スギホールディングス,1.0
7679,薬王堂ホールディングス,1.0
7683,ダブルエー,1.0
7701,島津製作所,1.0
7715,長野計器,1.0
7717,ブイ・テクノロジー,1.0
7718,スター精密,1.0
7721,東京計器,1.0
7723,愛知時計電機,1.0
7725,インターアクション,1.0
7729,東京精密,1.0
7730,マニー,1.0
7731,ニコン,1.0
7732,トプコン,1.0
7733,オリンパス,1.0
7734,理研計器,1.0
7735,ＳＣＲＥＥＮホールディングス,1.0
7739,キヤノン電子,1.0
7740,タムロン,1.0
7741,ＨＯＹＡ,1.0
7743,シード,1.0
7744,ノーリツ鋼機,1.0
7745,Ａ＆Ｄホロンホールディングス,1.0
7747,朝日インテック,1.0
7751,キヤノン,1.0
7752,リコー,1.0
7762,シチズン時計,1.0
7769,リズム,1.0
7780,メニコン,1.0
7817,パラマウントベッドホールディングス,1.0
7818,トランザクション,1.0
7820,ニホンフラッシュ,1.0
7821,前田工繊,1.0
7826,フルヤ金属,1.0
7832,バンダイナムコホールディングス,1.0
7839,ＳＨＯＥＩ,1.0
7840,フランスベッドホールディングス,1.0
7844,マーベラス,1.0
7846,パイロットコーポレーション,1.0
7856,萩原工業,1.0
7860,エイベックス,1.0
7864,フジシールインターナショナル,1.0
7867,タカラトミー,1.0
7868,広済堂ホールディングス,1.0
7874,レック,1.0
7888,三光合成,1.0
7893,プロネクサス,1.0
7911,ＴＯＰＰＡＮホールディングス,1.0
7912,大日本印刷,1.0
7914,共同印刷,1.0
7915,ＮＩＳＳＨＡ,1.0
7917,ＺＡＣＲＯＳ,1.0
7921,ＴＡＫＡＲＡ　＆　ＣＯＭＰＡＮＹ,1.0
7925,前澤化成工業,1.0
7931,未来工業,1.0
7936,アシックス,1.0
7942,ＪＳＰ,1.0
7943,ニチハ,1.0
7944,ローランド,1.0
7947,エフピコ,1.0
7949,小松ウオール工業,1.0
7951,ヤマハ,1.0
7952,河合楽器製作所,1.0
7955,クリナップ,1.0
7956,ピジョン,1.0
7962,キングジム,1.0
7965,象印マホービン,1.0
7966,リンテック,1.0
7970,信越ポリマー,1.0
7972,イトーキ,1.0
7974,任天堂,1.0
7976,三菱鉛筆,1.0
7979,松風,1.0
7981,タカラスタンダード,1.0
7984,コクヨ,1.0
7988,ニフコ,1.0
7989,立川ブラインド工業,1.0
7990,グローブライド,1.0
7994,オカムラ,1.0
7995,バルカー,1.0
8001,伊藤忠商事,1.0
8002,丸紅,1.0
8005,スクロール,1.0
8007,高島,1.0
8008,ヨンドシーホールディングス,1.0
8011,三陽商会,1.0
8012,長瀬産業,1.0
8014,蝶理,1.0
8015,豊田通商,1.0
8016,オンワードホールディングス,1.0
8020,兼松,1.0
8022,美津濃,1.0
8031,三井物産,1.0
8032,日本紙パルプ商事,1.0
8035,東京エレクトロン,1.0
8037,カメイ,1.0
8043,スターゼン,1.0
8050,セイコーグループ,1.0
8051,山善,1.0
8052,椿本興業,1.0
8053,住友商事,1.0
8056,ＢＩＰＲＯＧＹ,1.0
8057,内田洋行,1.0
8058,三菱商事,1.0
8059,第一実業,1.0
8060,キヤノンマーケティングジャパン,1.0
8061,西華産業,1.0
8065,佐藤商事,1.0
8070,東京産業,1.0
8074,ユアサ商事,1.0
8075,神鋼商事,1.0
8078,阪和興業,1.0
8079,正栄食品工業,1.0
8081,カナデン,1.0
8084,ＲＹＯＤＥＮ,1.0
8086,ニプロ,1.0
8088,岩谷産業,1.0
8091,ニチモウ,1.0
8093,極東貿易,1.0
8095,アステナホールディングス,1.0
8097,三愛オブリ,1.0
8098,稲畑産業,1.0
8101,ＧＳＩクレオス,1.0
8103,明和産業,1.0
8111,ゴールドウイン,1.0
8113,ユニ・チャーム,1.0
8125,ワキタ,1.0
8129,東邦ホールディングス,1.0
8130,サンゲツ,1.0
8132,シナネンホールディングス,1.0
8133,伊藤忠エネクス,1.0
8136,サンリオ,1.0
8137,サンワテクノス,1.0
8141,新光商事,1.0
8142,トーホー,1.0
8150,三信電気,1.0
8151,東陽テクニカ,1.0
8153,モスフードサービス,1.0
8154,加賀電子,1.0
8157,都築電気,1.0
8158,ソーダニッカ,1.0
8159,立花エレテック,1.0
8160,木曽路,1.0
8163,ＳＲＳホールディングス,1.0
8167,リテールパートナーズ,1.0
8173,上新電機,1.0
8174,日本瓦斯,1.0
8179,ロイヤルホールディングス,1.0
8185,チヨダ,1.0
8194,ライフコーポレーション,1.0
8200,リンガーハット,1.0
8203,ＭｒＭａｘＨＤ,1.0
8214,ＡＯＫＩホールディングス,1.0
8217,オークワ,1.0
8218,コメリ,1.0
8219,青山商事,1.0
8227,しまむら,1.0
8233,高島屋,1.0
8237,松屋,1.0
8242,エイチ・ツー・オー　リテイリング,1.0
8252,丸井グループ,1.0
8253,クレディセゾン,1.0
8255,アクシアル　リテイリング,1.0
8267,イオン,1.0
8273,イズミ,1.0
8276,平和堂,1.0
8278,フジ,1.0
8279,ヤオコー,1.0
8281,ゼビオホールディングス,1.0
8282,ケーズホールディングス,1.0
8283,ＰＡＬＴＡＣ,1.0
8303,ＳＢＩ新生銀行,1.0
8304,あおぞら銀行,1.0
8306,三菱ＵＦＪフィナンシャル・グループ,1.0
8308,りそなホールディングス,1.0
8309,三井住友トラストグループ,1.0
8316,三井住友フィナンシャルグループ,1.0
8331,千葉銀行,1.0
8334,群馬銀行,1.0
8336,武蔵野銀行,1.0
8337,千葉興業銀行,1.0
8338,筑波銀行,1.0
8341,七十七銀行,1.0
8343,秋田銀行,1.0
8344,山形銀行,1.0
8345,岩手銀行,1.0
8346,東邦銀行,1.0
8354,ふくおかフィナンシャルグループ,1.0
8358,スルガ銀行,1.0
8359,八十二長野銀行,1.0
8360,山梨中央銀行,1.0
8361,大垣共立銀行,1.0
8362,福井銀行,1.0
8364,清水銀行,1.0
8366,滋賀銀行,1.0
8367,南都銀行,1.0
8368,百五銀行,1.0
8370,紀陽銀行,1.0
8377,ほくほくフィナンシャルグループ,1.0
8381,山陰合同銀行,1.0
8386,百十四銀行,1.0
8387,四国銀行,1.0
8388,阿波銀行,1.0
8392,大分銀行,1.0
8393,宮崎銀行,1.0
8395,佐賀銀行,1.0
8399,琉球銀行,1.0
8410,セブン銀行,1.0
8411,みずほフィナンシャルグループ,1.0
8418,山口フィナンシャルグループ,1.0
8424,芙蓉総合リース,1.0
8425,みずほリース,1.0
8439,東京センチュリー,1.0
8473,ＳＢＩホールディングス,1.0
8511,日本証券金融,1.0
8515,アイフル,1.0
8522,名古屋銀行,1.0
8524,北洋銀行,1.0
8541,愛媛銀行,1.0
8544,京葉銀行,1.0
8550,栃木銀行,1.0
8551,北日本銀行,1.0
8558,東和銀行,1.0
8566,リコーリース,1.0
8570,イオンフィナンシャルサービス,1.0
8584,ジャックス,1.0
8585,オリエントコーポレーション,1.0
8591,オリックス,1.0
8593,三菱ＨＣキャピタル,1.0
8595,ジャフコ　グループ,1.0
8600,トモニホールディングス,1.0
8601,大和証券グループ本社,1.0
8604,野村ホールディングス,1.0
8609,岡三証券グループ,1.0
8613,丸三証券,1.0
8614,東洋証券,1.0
8616,東海東京フィナンシャル・ホールディングス,1.0
8622,水戸証券,1.0
8624,いちよし証券,1.0
8628,松井証券,1.0
8630,ＳＯＭＰＯホールディングス,1.0
8697,日本取引所グループ,1.0
8698,マネックスグループ,1.0
8706,極東証券,1.0
8707,岩井コスモホールディングス,1.0
8708,アイザワ証券グループ,1.0
8713,フィデアホールディングス,1.0
8714,池田泉州ホールディングス,1.0
8715,アニコム　ホールディングス,1.0
8725,ＭＳ＆ＡＤインシュアランスグループホールディングス,1.0
8729,ソニーフィナンシャルグループ,1.0
8739,スパークス・グループ,1.0
8750,第一生命ホールディングス,1.0
8766,東京海上ホールディングス,1.0
8771,イー・ギャランティ,1.0
8793,ＮＥＣキャピタルソリューション,1.0
8795,Ｔ＆Ｄホールディングス,1.0
8798,アドバンスクリエイト,1.0
8801,三井不動産,1.0
8802,三菱地所,1.0
8803,平和不動産,1.0
8804,東京建物,1.0
8818,京阪神ビルディング,1.0
8830,住友不動産,1.0
8848,レオパレス２１,1.0
8850,スターツコーポレーション,1.0
8860,フジ住宅,1.0
8876,リログループ,1.0
8877,エスリード,1.0
8881,日神グループホールディングス,1.0
8892,エスコン,1.0
8897,ＭＩＲＡＲＴＨホールディングス,1.0
8919,カチタス,1.0
8923,トーセイ,1.0
8934,サンフロンティア不動産,1.0
8935,ＦＪネクストホールディングス,1.0
8999,グランディハウス,1.0
9001,東武鉄道,1.0
9003,相鉄ホールディングス,1.0
9005,東急,1.0
9006,京浜急行電鉄,1.0
9007,小田急電鉄,1.0
9008,京王電鉄,1.0
9009,京成電鉄,1.0
9010,富士急行,1.0
9020,東日本旅客鉄道,1.0
9021,西日本旅客鉄道,1.0
9022,東海旅客鉄道,1.0
9023,東京地下鉄,1.0
9024,西武ホールディングス,1.0
9025,鴻池運輸,1.0
9031,西日本鉄道,1.0
9037,ハマキョウレックス,1.0
9039,サカイ引越センター,1.0
9041,近鉄グループホールディングス,1.0
9042,阪急阪神ホールディングス,1.0
9044,南海電気鉄道,1.0
9045,京阪ホールディングス,1.0
9046,神戸電鉄,1.0
9048,名古屋鉄道,1.0
9052,山陽電気鉄道,1.0
9064,ヤマトホールディングス,1.0
9065,山九,1.0
9066,日新,1.0
9068,丸全昭和運輸,1.0
9069,センコーグループホールディングス,1.0
9072,ニッコンホールディングス,1.0
9075,福山通運,1.0
9076,セイノーホールディングス,1.0
9081,神奈川中央交通,1.0
9090,ＡＺ－ＣＯＭ丸和ホールディングス,1.0
9101,日本郵船,1.0
9104,商船三井,1.0
9107,川崎汽船,1.0
9110,ＮＳユナイテッド海運,1.0
9119,飯野海運,1.0
9142,九州旅客鉄道,1.0
9143,ＳＧホールディングス,1.0
9147,ＮＩＰＰＯＮ　ＥＸＰＲＥＳＳホールディングス,1.0
9201,日本航空,1.0
9202,ＡＮＡホールディングス,1.0
92025,ＡＮＡホールディングス第１回社債型種類株式,1.0
9216,ビーウィズ,1.0
9229,サンウェルズ,1.0
9247,ＴＲＥホールディングス,1.0
9267,Ｇｅｎｋｙ　ＤｒｕｇＳｔｏｒｅｓ,1.0
9273,コーア商事ホールディングス,1.0
9274,ＫＰＰグループホールディングス,1.0
9278,ブックオフグループホールディングス,1.0
9279,ギフトホールディングス,1.0
9301,三菱倉庫,1.0
9302,三井倉庫ホールディングス,1.0
9303,住友倉庫,1.0
9304,澁澤倉庫,1.0
9305,ヤマタネ,1.0
9310,日本トランスシティ,1.0
9319,中央倉庫,1.0
9324,安田倉庫,1.0
9332,ＮＩＳＳＯホールディングス,1.0
9336,大栄環境,1.0
9341,ＧＥＮＯＶＡ,1.0
9347,日本管財ホールディングス,1.0
9364,上組,1.0
9381,エーアイテイー,1.0
9386,日本コンセプト,1.0
9401,ＴＢＳホールディングス,1.0
9404,日本テレビホールディングス,1.0
9405,朝日放送グループホールディングス,1.0
9409,テレビ朝日ホールディングス,1.0
9412,スカパーＪＳＡＴホールディングス,1.0
9413,テレビ東京ホールディングス,1.0
9416,ビジョン,1.0
9418,Ｕ－ＮＥＸＴ　ＨＯＬＤＩＮＧＳ,1.0
9424,日本通信,1.0
9432,ＮＴＴ,1.0
9433,ＫＤＤＩ,1.0
9434,ソフトバンク,1.0
94345,ソフトバンク第１回社債型種類株式,1.0
94346,ソフトバンク第２回社債型種類株式,1.0
9435,光通信,1.0
9438,エムティーアイ,1.0
9449,ＧＭＯインターネットグループ,1.0
9468,ＫＡＤＯＫＡＷＡ,1.0
9470,学研ホールディングス,1.0
9474,ゼンリン,1.0
9501,東京電力ホールディングス,1.0
9502,中部電力,1.0
9503,関西電力,1.0
9504,中国電力,1.0
9505,北陸電力,1.0
9506,東北電力,1.0
9507,四国電力,1.0
9508,九州電力,1.0
9509,北海道電力,1.0
9511,沖縄電力,1.0
9513,電源開発,1.0
9517,イーレックス,1.0
9519,レノバ,1.0
9531,東京瓦斯,1.0
9532,大阪瓦斯,1.0
9533,東邦瓦斯,1.0
9534,北海道瓦斯,1.0
9535,広島ガス,1.0
9536,西部ガスホールディングス,1.0
9543,静岡ガス,1.0
9551,メタウォーター,1.0
9552,クオンツ総研ホールディングス,1.0
9600,アイネット,1.0
9601,松竹,1.0
9602,東宝,1.0
9603,エイチ・アイ・エス,1.0
9605,東映,1.0
9612,ラックランド,1.0
9613,ＮＴＴデータグループ,1.0
9616,共立メンテナンス,1.0
9619,イチネンホールディングス,1.0
9621,建設技術研究所,1.0
9622,スペース,1.0
9627,アインホールディングス,1.0
9628,燦ホールディングス,1.0
9629,ピー・シー・エー,1.0
9644,タナベコンサルティンググループ,1.0
9658,ビジネスブレイン太田昭和,1.0
9663,ナガワ,1.0
9672,東京都競馬,1.0
9678,カナモト,1.0
9682,ＤＴＳ,1.0
9684,スクウェア・エニックス・ホールディングス,1.0
9692,シーイーシー,1.0
9697,カプコン,1.0
9699,ニシオホールディングス,1.0
9702,アイ・エス・ビー,1.0
9706,日本空港ビルデング,1.0
9715,トランス・コスモス,1.0
9716,乃村工藝社,1.0
9719,ＳＣＳＫ,1.0
9722,藤田観光,1.0
9729,トーカイ,1.0
9735,セコム,1.0
9739,ＮＳＷ,1.0
9740,セントラル警備保障,1.0
9742,アイネス,1.0
9743,丹青社,1.0
9744,メイテックグループホールディングス,1.0
9746,ＴＫＣ,1.0
9755,応用地質,1.0
9757,船井総研ホールディングス,1.0
9759,ＮＳＤ,1.0
9765,オオバ,1.0
9766,コナミグループ,1.0
9769,学究社,1.0
9788,ナック,1.0
9790,福井コンピュータホールディングス,1.0
9793,ダイセキ,1.0
9795,ステップ,1.0
9824,泉州電業,1.0
9830,トラスコ中山,1.0
9831,ヤマダホールディングス,1.0
9832,オートバックスセブン,1.0
9837,モリト,1.0
9842,アークランズ,1.0
9843,ニトリホールディングス,1.0
9850,グルメ杵屋,1.0
9861,吉野家ホールディングス,1.0
9869,加藤産業,1.0
9880,イノテック,1.0
9882,イエローハット,1.0
9887,松屋フーズホールディングス,1.0
9889,ＪＢＣＣホールディングス,1.0
9900,サガミホールディングス,1.0
9902,日伝,1.0
9928,ミロク情報サービス,1.0
9932,杉本商事,1.0
9934,因幡電機産業,1.0
9936,王将フードサービス,1.0
9946,ミニストップ,1.0
9948,アークス,1.0
9956,バローホールディングス,1.0
9960,東テク,1.0
9962,ミスミグループ本社,1.0
9974,ベルク,1.0
9983,ファーストリテイリング,1.0
9984,ソフトバンクグループ,1.0
9987,スズケン,1.0
9989,サンドラッグ,1.0
9990,サックスバー　ホールディングス,1.0
9991,ジェコス,1.0
9997,ベルーナ,1.0
1376,カネコ種苗,2.0
1380,秋川牧園,2.0
1381,アクシーズ,2.0
1382,ホーブ,2.0
1383,ベルグアース,2.0
1384,ホクリヨウ,2.0
1407,ウエストホールディングス,2.0
1418,インターライフホールディングス,2.0
1420,サンヨーホームズ,2.0
1430,ファーストコーポレーション,2.0
1434,ＪＥＳＣＯホールディングス,2.0
1435,ｒｏｂｏｔ　ｈｏｍｅ,2.0
1438,岐阜造園,2.0
1443,技研ホールディングス,2.0
1446,キャンディル,2.0
1450,ＴＡＮＡＫＥＮ,2.0
146A,コロンビア・ワークス,2.0
1491,中外鉱業,2.0
1514,住石ホールディングス,2.0
160A,アズパートナーズ,2.0
1711,ＳＤＳホールディングス,2.0
1712,ダイセキ環境ソリューション,2.0
1716,第一カッター興業,2.0
1717,明豊ファシリティワークス,2.0
1718,美樹工業,2.0
1723,日本電技,2.0
1724,シンクレイヤ,2.0
1736,オーテック,2.0
1743,コーアツ工業,2.0
1757,創建エース,2.0
1758,太洋基礎工業,2.0
1764,工藤建設,2.0
1768,ソネック,2.0
1770,藤田エンジニアリング,2.0
1776,三井住建道路,2.0
1783,ｆａｎｔａｓｉｓｔａ,2.0
1787,ナカボーテック,2.0
1788,三東工業社,2.0
1793,大本組,2.0
1795,マサル,2.0
1798,守谷商会,2.0
1799,第一建設工業,2.0
1807,佐藤渡辺,2.0
1810,松井建設,2.0
1811,錢高組,2.0
1822,大豊建設,2.0
1826,佐田建設,2.0
1827,ナカノフドー建設,2.0
1828,田辺工業,2.0
1840,土屋ホールディングス,2.0
1841,サンユー建設,2.0
1844,大盛工業,2.0
1847,イチケン,2.0
1848,富士ピー・エス,2.0
1850,南海辰村建設,2.0
1853,森組,2.0
1866,北野建設,2.0
1867,植木組,2.0
1897,金下建設,2.0
1904,大成温調,2.0
1905,テノックス,2.0
1909,日本ドライケミカル,2.0
1914,日本基礎技術,2.0
1921,巴コーポレーション,2.0
1948,弘電社,2.0
1960,サンテック,2.0
1965,テクノ菱和,2.0
1966,高田工業所,2.0
1967,ヤマト,2.0
1972,三晃金属工業,2.0
197A,タウンズ,2.0
1981,協和日成,2.0
1992,神田通信機,2.0
1994,高橋カーテンウォール工業,2.0
1997,暁飯島工業,2.0
2003,日東富士製粉,2.0
2009,鳥越製粉,2.0
2055,日和産業,2.0
208A,構造計画研究所ホールディングス,2.0
2112,塩水港精糖,2.0
2114,フジ日本,2.0
211A,カドス・コーポレーション,2.0
2122,インタースペース,2.0
2134,北浜キャピタルパートナーズ,2.0
2136,ヒップ,2.0
2138,クルーズ,2.0
2139,中広,2.0
2152,幼児活動研究会,2.0
2156,セーラー広告,2.0
2162,ｎｍｓ　ホールディングス,2.0
2169,ＣＤＳ,2.0
2179,成学社,2.0
2180,サニーサイドアップグループ,2.0
2183,リニカル,2.0
2185,シイエム・シイ,2.0
2186,ソーバル,2.0
2193,クックパッド,2.0
2196,エスクリ,2.0
2204,中村屋,2.0
2208,ブルボン,2.0
220A,Ｆａｂｅｒ　Ｃｏｍｐａｎｙ,2.0
2215,第一屋製パン,2.0
2216,カンロ,2.0
2221,岩塚製菓,2.0
2224,コモ,2.0
2226,湖池屋,2.0
2268,Ｂ－Ｒ　サーティワン　アイスクリーム,2.0
2286,林兼産業,2.0
2291,福留ハム,2.0
2293,滝沢ハム,2.0
2300,きょくとう,2.0
2303,ドーン,2.0
2304,ＣＳＳホールディングス,2.0
2305,スタジオアリス,2.0
2311,エプコ,2.0
2315,ＣＡＩＣＡ　ＤＩＧＩＴＡＬ,2.0
2323,ｆｏｎｆｕｎ,2.0
2329,東北新社,2.0
2330,フォーサイド,2.0
2332,クエスト,2.0
2338,クオンタムソリューションズ,2.0
2340,極楽湯ホールディングス,2.0
2341,アルバイトタイムス,2.0
2344,平安レイサービス,2.0
2345,HODL 1,2.0
2349,エヌアイデイ,2.0
2354,ＹＥ　ＤＩＧＩＴＡＬ,2.0
2373,ケア２１,2.0
2375,ギグワークス,2.0
2376,サイネックス,2.0
2391,プラネット,2.0
2393,日本ケアサプライ,2.0
2404,鉄人化ホールディングス,2.0
2408,ＫＧ情報,2.0
2411,ゲンダイエージェンシー,2.0
2415,ヒューマンホールディングス,2.0
2418,ツカダ・グローバルホールディング,2.0
2424,ブラス,2.0
2425,ケアサービス,2.0
2428,ウェルネット,2.0
2435,シダー,2.0
2436,共同ピーアール,2.0
2437,Ｓｈｉｎｗａ　Ｗｉｓｅ　Ｈｏｌｄｉｎｇｓ,2.0
2440,ぐるなび,2.0
2449,プラップジャパン,2.0
2454,オールアバウト,2.0
2459,アウンコンサルティング,2.0
2464,Ａｏｂａ‐ＢＢＴ,2.0
2469,ヒビノ,2.0
2477,手間いらず,2.0
2479,ジェイテック,2.0
2480,システム・ロケーション,2.0
2481,タウンニュース社,2.0
2483,翻訳センター,2.0
2484,出前館,2.0
2485,ティア,2.0
2488,ＪＴＰ,2.0
2489,アドウェイズ,2.0
2493,イーサポートリンク,2.0
2498,オリエンタルコンサルタンツホールディングス,2.0
2499,日本和装ホールディングス,2.0
250A,シマダヤ,2.0
253A,ＥＴＳグループ,2.0
254A,ＡＩフュージョンキャピタルグループ,2.0
255A,ジーエルテクノホールディングス,2.0
2573,北海道コカ・コーラボトリング,2.0
2588,プレミアムウォーターホールディングス,2.0
2597,ユニカフェ,2.0
2612,かどや製油,2.0
261A,日水コン,2.0
2652,まんだらけ,2.0
2653,イオン九州,2.0
2654,アスモ,2.0
2656,ベクターホールディングス,2.0
2666,オートウェーブ,2.0
2667,イメージ　ワン,2.0
2668,タビオ,2.0
2669,カネ美食品,2.0
2673,夢みつけ隊,2.0
2683,魚喜,2.0
2686,ジーフット,2.0
2687,シー・ヴイ・エス・ベイエリア,2.0
2689,オルバヘルスケアホールディングス,2.0
2693,ＹＫＴ,2.0
2694,焼肉坂井ホールディングス,2.0
2698,キャンドゥ,2.0
2700,木徳神糧,2.0
2702,日本マクドナルドホールディングス,2.0
2705,大戸屋ホールディングス,2.0
2708,久世,2.0
2721,ジェイホールディングス,2.0
2722,ＩＫホールディングス,2.0
2735,ワッツ,2.0
2736,フェスタリアホールディングス,2.0
2743,ピクセルカンパニーズ,2.0
2747,北雄ラッキー,2.0
274A,ガーデン,2.0
2750,石光商事,2.0
2751,テンポスホールディングス,2.0
2762,ＳＡＮＫＯ　ＭＡＲＫＥＴＩＮＧ　ＦＯＯＤＳ,2.0
2763,エフティグループ,2.0
2764,ひらまつ,2.0
2769,ヴィレッジヴァンガードコーポレーション,2.0
2776,新都ホールディングス,2.0
2778,パレモ・ホールディングス,2.0
2780,コメ兵ホールディングス,2.0
2782,セリア,2.0
2788,アップルインターナショナル,2.0
2789,カルラ,2.0
2790,ナフコ,2.0
2795,日本プリメックス,2.0
2796,ファーマライズホールディングス,2.0
2798,ワイズテーブルコーポレーション,2.0
2805,ヱスビー食品,2.0
2806,ユタカフーズ,2.0
2813,和弘食品,2.0
2814,佐藤食品工業,2.0
2816,ダイショー,2.0
2818,ピエトロ,2.0
2819,エバラ食品工業,2.0
2820,やまみ,2.0
2830,アヲハタ,2.0
2831,はごろもフーズ,2.0
2872,セイヒョー,2.0
2876,デルソーレ,2.0
2877,日東ベスト,2.0
287A,黒田グループ,2.0
2883,大冷,2.0
2892,日本食品化工,2.0
2894,石井食品,2.0
2901,ウェルディッシュ,2.0
2903,シノブフーズ,2.0
2904,一正蒲鉾,2.0
2907,あじかん,2.0
2911,旭松食品,2.0
2916,仙波糖化工業,2.0
2917,大森屋,2.0
2923,サトウ食品,2.0
2924,イフジ産業,2.0
2926,篠崎屋,2.0
2927,ＡＦＣ－ＨＤアムスライフサイエンス,2.0
2932,ＳＴＩフードホールディングス,2.0
2938,オカムラ食品工業,2.0
2961,日本調理機,2.0
2962,テクニスコ,2.0
2970,GLC GROUP,2.0
297A,アルピコホールディングス,2.0
2984,ヤマイチエステート,2.0
2991,ランドネット,2.0
2993,長栄,2.0
2999,ホームポジション,2.0
3001,片倉工業,2.0
3004,神栄,2.0
300A,ＭＩＣ,2.0
3010,ポラリス・ホールディングス,2.0
3011,バナーズ,2.0
3020,アプライド,2.0
3021,パシフィックネット,2.0
3023,ラサ商事,2.0
3024,クリエイト,2.0
3030,ハブ,2.0
3035,ケイティケイ,2.0
3041,ビューティカダンホールディングス,2.0
3042,セキュアヴェイル,2.0
3045,カワサキ,2.0
3053,ペッパーフードサービス,2.0
3054,ハイパー,2.0
3058,三洋堂ホールディングス,2.0
3059,ヒラキ,2.0
3065,ライフフーズ,2.0
3067,東京一番フーズ,2.0
3068,ＷＤＩ,2.0
3069,ＪＦＬＡホールディングス,2.0
3071,ストリーム,2.0
3075,銚子丸,2.0
3077,ホリイフードサービス,2.0
3079,ディーブイエックス,2.0
3080,ジェーソン,2.0
3082,きちりホールディングス,2.0
3083,スターシーズ,2.0
3089,テクノアルファ,2.0
3094,スーパーバリュー,2.0
3096,オーシャンシステム,2.0
3111,オーミケンシ,2.0
3113,ＵＮＩＶＡ・Ｏａｋホールディングス,2.0
3121,マーチャント・バンカーズ,2.0
3123,サイボー,2.0
3131,シンデン・ハイテックス,2.0
3134,Ｈａｍｅｅ,2.0
3143,オーウイル,2.0
3157,ジオリーブグループ,2.0
3159,丸善ＣＨＩホールディングス,2.0
3160,大光,2.0
3161,アゼアス,2.0
3166,ＯＣＨＩホールディングス,2.0
3168,ＭＥＲＦ,2.0
3169,ミサワ,2.0
3172,ティーライフ,2.0
3173,Ｃｏｍｉｎｉｘ,2.0
3174,ハピネス・アンド・ディ,2.0
3175,エー・ピーホールディングス,2.0
3177,ありがとうサービス,2.0
3178,チムニー,2.0
3181,買取王国,2.0
3184,ＩＣＤＡホールディングス,2.0
3189,ＡＮＡＰホールディングス,2.0
3190,ホットマン,2.0
3192,白鳩,2.0
3202,ダイトウボウ,2.0
3204,トーア紡コーポレーション,2.0
3205,ダイドーリミテッド,2.0
3222,ユナイテッド・スーパーマーケット・ホールディングス,2.0
3223,エスエルディー,2.0
3236,プロパスト,2.0
3238,セントラル総合開発,2.0
3241,ウィル,2.0
3242,アーバネットコーポレーション,2.0
3246,コーセーアールイー,2.0
3248,アールエイジ,2.0
3266,ファンドクリエーショングループ,2.0
3267,フィル・カンパニー,2.0
3271,ＴＨＥグローバル社,2.0
3277,サンセイランディック,2.0
3280,エストラスト,2.0
3286,トラストホールディングス,2.0
3293,アズマハウス,2.0
3294,イーグランド,2.0
3297,東武住販,2.0
3299,ムゲンエステート,2.0
3306,日本製麻,2.0
3317,フライングガーデン,2.0
331A,メディックス,2.0
3320,クロスプラス,2.0
3321,ミタチ産業,2.0
3323,レカム,2.0
3326,ランシステム,2.0
3329,東和フードサービス,2.0
3350,メタプラネット,2.0
3352,バッファロー,2.0
3353,メディカル一光グループ,2.0
3355,クリヤマホールディングス,2.0
3358,トレイルヘッド グローバル ホールディングス,2.0
3361,トーエル,2.0
3370,フジタコーポレーション,2.0
3372,関門海,2.0
3374,内外テック,2.0
3375,ＺＯＡ,2.0
3377,バイク王＆カンパニー,2.0
3386,コスモ・バイオ,2.0
3392,デリカフーズホールディングス,2.0
3396,フェリシモ,2.0
3399,丸千代山岡家,2.0
3409,北紡,2.0
3416,ピクスタ,2.0
3417,大木ヘルスケアホールディングス,2.0
3420,ケー・エフ・シー,2.0
3421,稲葉製作所,2.0
3422,Ｊ－ＭＡＸ,2.0
3423,エスイー,2.0
3426,アトムリビンテック,2.0
3434,アルファＣｏ,2.0
3435,サンコーテクノ,2.0
3437,特殊電極,2.0
3439,三ツ知,2.0
343A,ＩＡＣＥトラベル,2.0
3440,日創グループ,2.0
3441,山王,2.0
3444,菊池製作所,2.0
3446,ジェイテックコーポレーション,2.0
3447,信和,2.0
3449,テクノフレックス,2.0
3452,ビーロット,2.0
3454,ファーストブラザーズ,2.0
3461,パルマ,2.0
3467,アグレ都市デザイン,2.0
3469,デュアルタップ,2.0
3489,フェイスネットワーク,2.0
3490,アズ企画設計,2.0
3494,マリオン,2.0
3495,香陵住販,2.0
3512,日本フエルト,2.0
3513,イチカワ,2.0
3521,テルマー湯ホールディングス,2.0
3524,日東製網,2.0
3526,芦森工業,2.0
3529,アツギ,2.0
3536,アクサスホールディングス,2.0
3537,昭栄薬品,2.0
3538,ウイルプラスホールディングス,2.0
3540,歯愛メディカル,2.0
3544,サツドラホールディングス,2.0
3547,串カツ田中ホールディングス,2.0
3551,ダイニック,2.0
3553,共和レザー,2.0
3559,ピーバンドットコム,2.0
3560,ほぼ日,2.0
3562,Ｎｏ．１,2.0
3565,アセンテック,2.0
3571,ソトー,2.0
3577,東海染工,2.0
3583,オーベクス,2.0
3597,自重堂,2.0
3598,山喜,2.0
3600,フジックス,2.0
3607,クラウディアホールディングス,2.0
3611,マツオカコーポレーション,2.0
3627,テクミラホールディングス,2.0
3633,ＧＭＯペパボ,2.0
3634,ソケッツ,2.0
3639,ボルテージ,2.0
3640,電算,2.0
3641,パピレス,2.0
3647,アスリナ,2.0
3648,ＡＧＳ,2.0
365A,伊澤タオル,2.0
3667,ｅｎｉｓｈ,2.0
3670,協立情報通信,2.0
3671,ソフトマックス,2.0
3672,オルトプラス,2.0
3675,クロス・マーケティンググループ,2.0
367A,プリモグローバルホールディングス,2.0
3682,エンカレッジ・テクノロジ,2.0
3683,サイバーリンクス,2.0
3686,ディー・エル・イー,2.0
3690,イルグルム,2.0
3710,ジョルダン,2.0
3712,情報企画,2.0
3719,ＡＩストーム,2.0
3726,フォーシーズＨＤ,2.0
372A,レント,2.0
3733,ソフトウェア・サービス,2.0
3744,サイオス,2.0
3747,インタートレード,2.0
3750,ＡＤＲ１２０Ｓ,2.0
3753,フライトソリューションズ,2.0
3758,アエリア,2.0
3760,ケイブ,2.0
3766,システムズ・デザイン,2.0
3768,リスクモンスター,2.0
3770,ザッパラス,2.0
3772,ウェルス・マネジメント,2.0
3776,ブロードバンドタワー,2.0
3779,ジェイ・エスコムホールディングス,2.0
3787,テクノマセマティカル,2.0
3791,ＩＧポート,2.0
3796,いい生活,2.0
3798,ＵＬＳグループ,2.0
3799,キーウェアソリューションズ,2.0
3800,ユニリタ,2.0
3802,エコミック,2.0
3804,システム　ディ,2.0
3810,サイバーステップホールディングス,2.0
3816,大和コンピューター,2.0
3823,ＴＨＥ　ＷＨＹ　ＨＯＷ　ＤＯ　ＣＯＭＰＡＮＹ,2.0
3825,リミックスポイント,2.0
3826,システムインテグレータ,2.0
3839,ＯＤＫソリューションズ,2.0
3840,パス,2.0
3841,ジーダット,2.0
3842,ネクストジェン,2.0
3845,アイフリークモバイル,2.0
3847,パシフィックシステム,2.0
3848,データ・アプリケーション,2.0
3850,エヌ・ティ・ティ・データ・イントラマート,2.0
3851,日本一ソフトウェア,2.0
3856,Ａｂａｌａｎｃｅ,2.0
3858,ユビキタスＡＩ,2.0
386A,みのや,2.0
3878,巴川コーポレーション,2.0
3891,ニッポン高度紙工業,2.0
3892,岡山製紙,2.0
3895,ハビックス,2.0
3896,阿波製紙,2.0
3907,シリコンスタジオ,2.0
3909,ショーケース,2.0
3910,エムケイシステム,2.0
3912,モバイルファクトリー,2.0
3913,ＧｒｅｅｎＢｅｅ,2.0
3918,ＰＣＩホールディングス,2.0
3920,アイビーシー,2.0
3928,マイネット,2.0
3933,チエル,2.0
3934,ベネフィットジャパン,2.0
3935,エディア,2.0
3940,ノムラシステムコーポレーション,2.0
3943,大石産業,2.0
3944,古林紙工,2.0
3945,スーパーバッグ,2.0
3947,ダイナパック,2.0
3948,光ビジネスフォーム,2.0
3951,朝日印刷,2.0
3953,大村紙業,2.0
3954,昭和パックス,2.0
3955,イムラ,2.0
3958,笹徳印刷,2.0
3965,キャピタル・アセット・プランニング,2.0
3969,エイトレッド,2.0
3974,ＳＣＡＴ,2.0
3981,ビーグリー,2.0
3985,テモナ,2.0
3988,ＳＹＳホールディングス,2.0
3996,サインポスト,2.0
3997,トレードワークス,2.0
4012,アクシス,2.0
4016,ＭＩＴホールディングス,2.0
4026,神島化学工業,2.0
4031,片倉コープアグリ,2.0
4040,南海化学,2.0
4059,まぐまぐ,2.0
407A,ＵＮＩＣＯＮホールディングス,2.0
4080,田中化学研究所,2.0
4093,東邦アセチレン,2.0
4094,日本化学産業,2.0
4098,チタン工業,2.0
4100,戸田工業,2.0
4102,丸尾カルシウム,2.0
4107,伊勢化学工業,2.0
4113,田岡化学工業,2.0
4119,日本ピグメントホールディングス,2.0
4120,スガイ化学工業,2.0
4124,大阪油化工業,2.0
4125,三和油化工業,2.0
416A,富士ユナイトホールディングス,2.0
4171,グローバルインフォメーション,2.0
4172,Hiクラテス,2.0
4174,アピリッツ,2.0
4193,ファブリカホールディングス,2.0
4196,ネオマーケティング,2.0
4197,アスマーク,2.0
4198,テンダ,2.0
420A,ファイントゥデイホールディングス,2.0
4222,児玉化学工業,2.0
4224,ロンシール工業,2.0
4231,タイガースポリマー,2.0
4234,サンエー化研,2.0
4235,ウルトラファブリックス・ホールディングス,2.0
4237,フジプレアム,2.0
4238,ミライアル,2.0
423A,ライオン事務器,2.0
4241,アテクト,2.0
4242,タカギセイコー,2.0
4243,ニックス,2.0
4245,ダイキアクシス,2.0
4247,ポバール興業,2.0
4248,竹本容器,2.0
4274,細谷火工,2.0
4284,ソルクシーズ,2.0
4286,ＣＬホールディングス,2.0
4287,ジャストプランニング,2.0
4288,アズジェント,2.0
428A,サイプレス・ホールディングス,2.0
4293,セプテーニ・ホールディングス,2.0
4299,ハイマックス,2.0
4317,レイ,2.0
4319,ＴＡＣ,2.0
4320,ＣＥホールディングス,2.0
4334,ユークス,2.0
4335,ＩＰＳホールディングス,2.0
4341,西菱電機,2.0
4346,ＮＥＸＹＺ．Ｇｒｏｕｐ,2.0
4347,ブロードメディア,2.0
4350,メディカルシステムネットワーク,2.0
4351,山田再生系債権回収総合事務所,2.0
4356,応用技術,2.0
4360,マナック・ケミカル・パートナーズ,2.0
4361,川口化学工業,2.0
4365,松本油脂製薬,2.0
4366,ダイトーケミックス,2.0
4367,広栄化学,2.0
4382,ＨＥＲＯＺ,2.0
4386,ＳＩＧグループ,2.0
4388,エーアイ,2.0
4398,ブロードバンドセキュリティ,2.0
4404,ミヨシ油脂,2.0
4406,新日本理化,2.0
4409,東邦化学工業,2.0
4420,イーソル,2.0
4421,ディ・アイ・システム,2.0
4430,東海ソフト,2.0
4434,サーバーワークス,2.0
4439,東名,2.0
4440,ヴィッツ,2.0
4441,トビラシステムズ,2.0
4463,日華化学,2.0
4464,ソフト９９コーポレーション,2.0
4465,ニイタカ,2.0
4491,コンピューターマネージメント,2.0
4492,ゼネテック,2.0
4494,バリオセキュア,2.0
4499,Ｓｐｅｅｅ,2.0
4512,わかもと製薬,2.0
4524,森下仁丹,2.0
4531,有機合成薬品工業,2.0
4539,日本ケミファ,2.0
4556,カイノス,2.0
4558,中京医薬品,2.0
4595,ミズホメディー,2.0
4615,神東塗料,2.0
4616,川上塗料,2.0
4619,日本特殊塗料,2.0
4620,藤倉化成,2.0
4623,アサヒペン,2.0
4624,イサム塗料,2.0
4625,アトミクス,2.0
4627,ナトコ,2.0
4628,エスケー化研,2.0
4629,大伸化学,2.0
4635,東京インキ,2.0
463A,インテリックスホールディングス,2.0
4642,オリジナル設計,2.0
4644,イマジニア,2.0
4645,市進ホールディングス,2.0
4650,ＳＤエンターテイメント,2.0
4651,サニックスホールディングス,2.0
4657,環境管理センター,2.0
4659,エイジス,2.0
4664,アール・エス・シー,2.0
4667,アイサンテクノロジー,2.0
4671,ファルコホールディングス,2.0
4673,川崎地質,2.0
4678,秀英予備校,2.0
4679,田谷,2.0
4685,菱友システムズ,2.0
4690,日本パレットプール,2.0
4691,ワシントンホテル,2.0
4705,クリップコーポレーション,2.0
4707,キタック,2.0
4712,ＫｅｙＨｏｌｄｅｒ,2.0
4716,日本オラクル,2.0
4720,城南進学研究社,2.0
4728,トーセ,2.0
4735,京進,2.0
4736,日本ラッド,2.0
4745,東京個別指導学院,2.0
4746,東計電算,2.0
4750,ダイサン,2.0
4752,昭和システムエンジニアリング,2.0
4754,トスネット,2.0
475A,ギミック,2.0
4760,アルファ,2.0
4761,さくらケーシーエス,2.0
4762,エックスネット,2.0
4766,ピーエイ,2.0
4767,テー・オー・ダブリュー,2.0
4769,ＩＣ,2.0
476A,辻・本郷ＩＴコンサルティング,2.0
4771,エフアンドエム,2.0
4777,ガーラ,2.0
4783,ＮＣＤ,2.0
4800,オリコン,2.0
4814,ネクストウェア,2.0
4816,東映アニメーション,2.0
4829,日本エンタープライズ,2.0
4832,ＪＦＥシステムズ,2.0
4838,スペースシャワーＳＫＩＹＡＫＩホールディングス,2.0
483A,テラテクノロジー,2.0
4840,トライアイズ,2.0
4885,室町ケミカル,2.0
4918,アイビー化粧品,2.0
4920,日本色材工業研究所,2.0
4925,ハーバー研究所,2.0
4926,シーボン,2.0
4929,アジュバンホールディングス,2.0
4932,アルマード,2.0
4935,リベルタ,2.0
4936,アクシージア,2.0
4957,ヤスハラケミカル,2.0
4960,ケミプロ化成,2.0
4966,上村工業,2.0
4970,東洋合成工業,2.0
4972,綜研化学,2.0
4976,東洋ドライルーブ,2.0
4977,新田ゼラチン,2.0
4979,ＯＡＴアグリオ,2.0
4990,昭和化学工業,2.0
4992,北興化学工業,2.0
4994,大成ラミックグループ,2.0
4998,フマキラー,2.0
5009,富士興産,2.0
500A,ＴＯブックス,2.0
5010,日本精蝋,2.0
5013,ユシロ,2.0
5015,ビーピー・カストロール,2.0
5018,ＭＯＲＥＳＣＯ,2.0
505A,ギークリー,2.0
5071,ヴィス,2.0
5078,セレコーポレーション,2.0
5079,ノバック,2.0
5103,昭和ホールディングス,2.0
5133,テリロジーホールディングス,2.0
5161,西川ゴム工業,2.0
5162,朝日ラバー,2.0
5184,ニチリン,2.0
5187,クリエートメディック,2.0
5189,櫻護謨,2.0
5194,相模ゴム工業,2.0
5199,不二ラテックス,2.0
5204,石塚硝子,2.0
5210,日本山村硝子,2.0
5216,倉元製作所,2.0
5218,オハラ,2.0
5237,ノザワ,2.0
5250,プライム・ストラテジー,2.0
5257,ノバシステム,2.0
5268,旭コンクリート工業,2.0
5271,トーヨーアサノ,2.0
5273,三谷セキサン,2.0
5279,日本興業,2.0
5280,ヨシコン,2.0
5282,ジオスター,2.0
5283,高見澤,2.0
5284,ヤマウホールディングス,2.0
5285,ヤマックス,2.0
5287,イトーヨーギョー,2.0
5290,ベルテクスコーポレーション,2.0
5304,ＳＥＣカーボン,2.0
5337,ダントーホールディングス,2.0
5341,ＡＳＡＨＩ　ＥＩＴＯホールディングス,2.0
5355,日本坩堝,2.0
5356,美濃窯業,2.0
5363,東京窯業,2.0
5367,ニッカトー,2.0
5368,日本インシュレーション,2.0
5380,新東,2.0
5381,マイポックス,2.0
5386,鶴弥,2.0
5388,クニミネ工業,2.0
5391,エーアンドエーマテリアル,2.0
5446,北越メタル,2.0
5449,大阪製鐵,2.0
5458,高砂鐵工,2.0
5464,モリ工業,2.0
5476,日本高周波鋼業,2.0
5484,東北特殊鋼,2.0
5491,日本金属,2.0
5533,エリッツホールディングス,2.0
5542,新報国マテリアル,2.0
5571,エキサイトホールディングス,2.0
5576,オービーシステム,2.0
5589,オートサーバー,2.0
5603,虹技,2.0
5609,日本鋳造,2.0
5612,日本鋳鉄管,2.0
5644,メタルアート,2.0
5658,日亜鋼業,2.0
5660,神鋼鋼線工業,2.0
5695,パウダーテック,2.0
5697,サンユウ,2.0
5698,エンビプロ・ホールディングス,2.0
5699,イボキン,2.0
5721,エス・サイエンス,2.0
5724,アサカ理研,2.0
5729,日本精鉱,2.0
5742,エヌアイシ・オートテック,2.0
5753,日本伸銅,2.0
5816,オーナンバ,2.0
5817,ＪＭＡＣＳ,2.0
5819,カナレ電気,2.0
5820,三ッ星,2.0
5843,ニッポンインシュア,2.0
5845,全保連,2.0
5856,エルアイイーエイチ,2.0
5868,ロココ,2.0
5869,早稲田学習研究会,2.0
5871,ＳＯＬＩＺＥ　Ｈｏｌｄｉｎｇｓ,2.0
5885,ジーデップ・アドバンス,2.0
5891,魁力屋,2.0
5900,ダイケン,2.0
5903,シンポ,2.0
5905,日本製罐,2.0
5906,エムケー精工,2.0
5909,コロナ,2.0
5915,駒井ハルテック,2.0
5918,瀧上工業,2.0
5921,川岸工業,2.0
5922,那須電機鉄工,2.0
5923,高田機工,2.0
5928,アルメタックス,2.0
5936,東洋シヤッター,2.0
5939,大谷工業,2.0
5940,不二サッシ,2.0
5941,中西製作所,2.0
5942,日本フイルコン,2.0
5945,天龍製鋸,2.0
5950,日本パワーファスニング,2.0
5951,ダイニチ工業,2.0
5952,アマテイ,2.0
5955,ワイズホールディングス,2.0
5956,トーソー,2.0
5958,三洋工業,2.0
5962,浅香工業,2.0
5965,フジマック,2.0
5966,京都機械工具,2.0
5967,ＴＯＮＥ,2.0
5969,ロブテックス,2.0
5971,共和工業所,2.0
5973,トーアミ,2.0
5974,中国工業,2.0
5982,マルゼン,2.0
5983,イワブチ,2.0
5984,兼房,2.0
5985,サンコール,2.0
5986,モリテック　スチール,2.0
5987,オーネックス,2.0
5990,スーパーツール,2.0
5992,中央発條,2.0
5994,ファインシンター,2.0
5997,協立エアテック,2.0
5998,アドバネクス,2.0
6016,ジャパンエンジンコーポレーション,2.0
6018,阪神内燃機工業,2.0
6022,赤阪鐵工所,2.0
6023,ダイハツインフィニアース,2.0
6029,アトラグループ,2.0
6037,楽待,2.0
6042,ニッキ,2.0
6044,三機サービス,2.0
6048,デザインワン・ジャパン,2.0
6054,リブセンス,2.0
6059,ウチヤマホールディングス,2.0
6060,こころネット,2.0
6061,ユニバーサル園芸社,2.0
6063,日本エマージェンシーアシスタンス,2.0
6072,地盤ネットホールディングス,2.0
6074,ジェイエスエス,2.0
6082,ライドオンエクスプレスホールディングス,2.0
6083,ＥＲＩホールディングス,2.0
6087,アビスト,2.0
6090,ヒューマン・メタボローム・テクノロジーズ,2.0
6091,ウエスコホールディングス,2.0
6092,エンバイオ・ホールディングス,2.0
6093,エスクロー・エージェント・ジャパン,2.0
6096,レアジョブ,2.0
6125,岡本工作機械製作所,2.0
6137,小池酸素工業,2.0
6138,ダイジェット工業,2.0
6144,西部電機,2.0
6145,ＮＩＴＴＯＫＵ,2.0
6147,ヤマザキ,2.0
6149,小田原エンジニアリング,2.0
6150,タケダ機械,2.0
6155,高松機械工業,2.0
6156,エーワン精密,2.0
6157,日進工具,2.0
6158,和井田製作所,2.0
6159,ミクロン精密,2.0
6161,エスティック,2.0
6165,パンチ工業,2.0
6171,土木管理総合試験所,2.0
6176,ブランジスタ,2.0
6185,ＳＭＮ,2.0
6186,一蔵,2.0
6189,グローバルキッズＣＯＭＰＡＮＹ,2.0
6199,セラク,2.0
6203,豊和工業,2.0
6208,石川製作所,2.0
6210,ＴＯＹＯイノベックス,2.0
6217,津田駒工業,2.0
6218,エンシュウ,2.0
6223,西部技研,2.0
6226,守谷輸送機工業,2.0
6227,ＡＩメカテック,2.0
6228,ジェイ・イー・ティ,2.0
6229,オーケーエム,2.0
6230,ＳＡＮＥＩ,2.0
6231,木村工機,2.0
6233,ＫＬＡＳＳ,2.0
6239,ナガオカ,2.0
6245,ヒラノテクシード,2.0
6246,テクノスマート,2.0
6248,横田製作所,2.0
6249,ゲームカードホールディングス,2.0
6257,藤商事,2.0
6262,ＰＥＧＡＳＵＳ,2.0
6265,コンバム,2.0
6267,ゼネラルパッカー,2.0
6276,シリウスビジョン,2.0
6286,靜甲,2.0
6291,日本エアーテック,2.0
6292,カワタ,2.0
6297,鉱研工業,2.0
6307,サンセイ,2.0
6312,フロイント産業,2.0
6316,丸山製作所,2.0
6317,北川鉄工所,2.0
6322,タクミナ,2.0
6324,ハーモニック・ドライブ・システムズ,2.0
6325,タカキタ,2.0
6327,北川精機,2.0
6334,明治機械,2.0
6335,東京機械製作所,2.0
6336,石井表記,2.0
6337,テセック,2.0
6338,タカトリ,2.0
6342,太平製作所,2.0
6343,フリージア・マクロス,2.0
6346,キクカワエンタープライズ,2.0
6347,プラコー,2.0
6356,日本ギア工業,2.0
6357,三精テクノロジーズ,2.0
6360,東京自働機械製作所,2.0
6365,電業社機械製作所,2.0
6366,千代田化工建設,2.0
6373,大同工業,2.0
6378,木村化工機,2.0
6380,オリエンタルチエン工業,2.0
6382,トリニティ工業,2.0
6384,昭和真空,2.0
6391,加地テック,2.0
6392,ヤマダコーポレーション,2.0
6393,油研工業,2.0
6396,宇野澤組鐵工所,2.0
6400,不二精機,2.0
6402,兼松エンジニアリング,2.0
6403,水道機工,2.0
6405,鈴茂器工,2.0
6408,小倉クラッチ,2.0
6411,中野冷機,2.0
6416,桂川電機,2.0
6424,高見沢サイバネティックス,2.0
6425,ユニバーサルエンターテインメント,2.0
6428,オーイズミ,2.0
6433,ヒーハイスト,2.0
6444,サンデン,2.0
6466,ＴＶＥ,2.0
6467,ニチダイ,2.0
6469,放電精密加工研究所,2.0
6470,大豊工業,2.0
6482,ＹＵＳＨＩＮ,2.0
6484,ＫＶＫ,2.0
6485,前澤給装工業,2.0
6488,ヨシタケ,2.0
6489,前澤工業,2.0
6492,岡野バルブ製造,2.0
6493,ＮＩＴＴＡＮ,2.0
6494,ＮＦＫホールディングス,2.0
6495,宮入バルブ製作所,2.0
6496,中北製作所,2.0
6497,ハマイ,2.0
6505,東洋電機製造,2.0
6513,オリジン,2.0
6518,三相電機,2.0
6524,湖北工業,2.0
6538,ディスラプターズ,2.0
6540,船場,2.0
6542,ＦＣホールディングス,2.0
6543,日宣,2.0
6546,フルテック,2.0
6547,グリーンズ,2.0
6549,ディーエムソリューションズ,2.0
6551,ツナググループ・ホールディングス,2.0
6552,ＧａｍｅＷｉｔｈ,2.0
6555,ＭＳ＆Ｃｏｎｓｕｌｔｉｎｇ,2.0
6565,ＡＢホテル,2.0
6566,要興業,2.0
6570,共和コーポレーション,2.0
6578,コレックホールディングス,2.0
6599,エブレン,2.0
6614,シキノハイテック,2.0
6625,ＪＡＬＣＯホールディングス,2.0
6626,ＳＥＭＩＴＥＣ,2.0
6627,テラプローブ,2.0
6629,テクノホライゾン,2.0
6633,ＣＧＳホールディングス,2.0
6634,ネクスグループ,2.0
6635,大日光・エンジニアリング,2.0
6637,寺崎電気産業,2.0
6643,戸上電機製作所,2.0
6647,森尾電機,2.0
6648,かわでん,2.0
6654,不二電機工業,2.0
6656,インスペック,2.0
6658,シライ電子工業,2.0
6659,メディアリンクス,2.0
6662,ユビテック,2.0
6663,太洋テクノレックス,2.0
6664,オプトエレクトロニクス,2.0
6666,リバーエレテック,2.0
6668,アドテック　プラズマ　テクノロジー,2.0
6670,ＭＣＪ,2.0
6675,サクサ,2.0
6676,ＢＵＦＦＡＬＯ,2.0
6677,エスケーエレクトロニクス,2.0
6678,テクノメディカ,2.0
6694,ズーム,2.0
6721,ウインテスト,2.0
6730,アクセル,2.0
6731,ピクセラ,2.0
6734,ニューテック,2.0
6736,サン電子,2.0
6743,大同信号,2.0
6748,星和電機,2.0
6757,ＯＳＧコーポレーション,2.0
6769,ザインエレクトロニクス,2.0
6771,池上通信機,2.0
6772,東京コスモス電機,2.0
6775,ＴＢグループ,2.0
6776,天昇電気工業,2.0
6777,ｓａｎｔｅｃ　Ｈｏｌｄｉｎｇｓ,2.0
6778,アルチザネットワークス,2.0
6786,ＲＶＨ,2.0
6797,名古屋電機工業,2.0
6803,ティアック,2.0
6819,伊豆シャボテンリゾート,2.0
6822,大井電気,2.0
6824,新コスモス電機,2.0
6832,アオイ電子,2.0
6834,精工技研,2.0
6835,アライドテレシスホールディングス,2.0
6836,ぷらっとホーム,2.0
6837,京写,2.0
6838,多摩川ホールディングス,2.0
6840,ＡＫＩＢＡホールディングス,2.0
6848,東亜ディーケーケー,2.0
6853,共和電業,2.0
6855,日本電子材料,2.0
6858,小野測器,2.0
6862,ミナトホールディングス,2.0
6863,ニレコ,2.0
6864,エヌエフホールディングス,2.0
6867,リーダー電子,2.0
6870,日本フェンオール,2.0
6874,協立電機,2.0
6877,ＯＢＡＲＡ　ＧＲＯＵＰ,2.0
6882,三社電機製作所,2.0
6888,アクモス,2.0
6890,フェローテック,2.0
6894,パルステック工業,2.0
6897,ツインバード,2.0
6898,トミタ電機,2.0
6899,ＡＳＴＩ,2.0
6901,澤藤電機,2.0
6904,原田工業,2.0
6907,ジオマテック,2.0
6912,菊水ホールディングス,2.0
6915,千代田インテグレ,2.0
6918,アバールデータ,2.0
6919,ケル,2.0
6926,岡谷電機産業,2.0
6927,ヘリオス　テクノ　ホールディング,2.0
6928,エノモト,2.0
6930,日本アンテナ,2.0
6932,遠藤照明,2.0
6942,ソフィアホールディングス,2.0
6943,ＮＫＫスイッチズ,2.0
6946,日本アビオニクス,2.0
6955,ＦＤＫ,2.0
6957,芝浦電子,2.0
6960,フクダ電子,2.0
6964,サンコー,2.0
6969,松尾電機,2.0
6973,協栄産業,2.0
6977,日本抵抗器製作所,2.0
6982,リード,2.0
6989,北陸電気工業,2.0
6993,大黒屋ホールディングス,2.0
6994,指月電機製作所,2.0
6998,日本タングステン,2.0
7014,名村造船所,2.0
7018,内海造船,2.0
7021,ニッチツ,2.0
7022,サノヤスホールディングス,2.0
7030,スプリックス,2.0
7035,ａｎｄ　ｆａｃｔｏｒｙ,2.0
7037,テノ．ホールディングス,2.0
7040,サン・ライフホールディング,2.0
7042,アクセスグループ・ホールディングス,2.0
7044,ピアラ,2.0
7057,エヌ・シー・エヌ,2.0
7058,共栄セキュリティーサービス,2.0
7060,ギークス,2.0
7065,ユーピーアール,2.0
7081,コーユーレンティア,2.0
7087,ウイルテック,2.0
7105,三菱ロジスネクスト,2.0
7111,ＩＮＥＳＴ,2.0
7115,アルファパーチェス,2.0
7116,ダイワ通信,2.0
7120,ＳＨＩＮＫＯ,2.0
7122,近畿車輛,2.0
7126,グローバルスタイル,2.0
7127,一家ホールディングス,2.0
7129,ミアヘルサホールディングス,2.0
7131,のむら産業,2.0
7134,アップガレージグループ,2.0
7135,ジャパンクラフトホールディングス,2.0
7150,島根銀行,2.0
7161,じもとホールディングス,2.0
7162,アストマックス,2.0
7163,住信ＳＢＩネット銀行,2.0
7175,今村証券,2.0
7177,ＧＭＯフィナンシャルホールディングス,2.0
7183,あんしん保証,2.0
7185,ヒロセ通商,2.0
7191,イントラスト,2.0
7192,日本モーゲージサービス,2.0
7196,Ｃａｓａ,2.0
7208,カネミツ,2.0
7212,エフテック,2.0
7213,レシップホールディングス,2.0
7214,ＧＭＢ,2.0
7215,ファルテック,2.0
7217,テイン,2.0
7218,田中精密工業,2.0
7219,エッチ・ケー・エス,2.0
7222,日産車体,2.0
7228,デイトナ,2.0
7229,ユタカ技研,2.0
7235,東京ラヂエーター製造,2.0
7247,ミクニ,2.0
7254,ユニバンス,2.0
7255,桜井製作所,2.0
7256,河西工業,2.0
7264,ムロコーポレーション,2.0
7265,エイケン工業,2.0
7266,今仙電機製作所,2.0
7271,安永,2.0
7273,イクヨ,2.0
7277,ＴＢＫ,2.0
7279,ハイレックスコーポレーション,2.0
7284,盟和産業,2.0
7287,日本精機,2.0
7291,日本プラスト,2.0
7292,村上開明堂,2.0
7297,カーメイト,2.0
7299,フジオーゼックス,2.0
7305,新家工業,2.0
7314,小田原機器,2.0
7354,ダイレクトマーケティングミックス,2.0
7357,ジオコード,2.0
7358,ポピンズ,2.0
7367,セルム,2.0
7368,表示灯,2.0
7377,ＤＮホールディングス,2.0
7399,ナンシン,2.0
7412,アトム,2.0
7413,創健社,2.0
7416,はるやまホールディングス,2.0
7417,南陽,2.0
7422,東邦レマック,2.0
7425,初穂商事,2.0
7426,山大,2.0
7427,エコートレーディング,2.0
7434,オータケ,2.0
7435,ナ・デックス,2.0
7442,中山福,2.0
7443,横浜魚類,2.0
7444,ハリマ共和物産,2.0
7445,ライトオン,2.0
7446,東北化学薬品,2.0
7450,サンデー,2.0
7451,三菱食品,2.0
7455,パリミキホールディングス,2.0
7460,ヤギ,2.0
7461,キムラ,2.0
7462,ＣＡＰＩＴＡ,2.0
7463,アドヴァングループ,2.0
7464,セフテック,2.0
7472,鳥羽洋行,2.0
7477,ムラキ,2.0
7480,スズデン,2.0
7481,尾家産業,2.0
7486,サンリン,2.0
7487,小津産業,2.0
7490,日新商事,2.0
7494,コナカ,2.0
7500,西川計測,2.0
7501,ティムコ,2.0
7502,プラザホールディングス,2.0
7505,扶桑電通,2.0
7506,ハウス　オブ　ローゼ,2.0
7509,アイエーグループ,2.0
7512,イオン北海道,2.0
7514,ヒマラヤ,2.0
7515,マルヨシセンター,2.0
7521,ムサシ,2.0
7523,アールビバン,2.0
7524,マルシェ,2.0
7527,システムソフト,2.0
7531,清和中央ホールディングス,2.0
7538,大水,2.0
7539,アイナボホールディングス,2.0
7544,スリーエフ,2.0
7551,ウェッズ,2.0
7555,大田花き,2.0
7561,ハークスレイ,2.0
7562,安楽亭,2.0
7564,ワークマン,2.0
7565,萬世電機,2.0
7567,栄電子,2.0
7570,橋本総業ホールディングス,2.0
7571,ヤマノホールディングス,2.0
7578,ニチリョク,2.0
7585,かんなん丸,2.0
7590,タカショー,2.0
7601,ポプラ,2.0
7602,レダックス,2.0
7603,ジーイエット,2.0
7604,梅の花グループ,2.0
7608,エスケイジャパン,2.0
7610,テイツー,2.0
7614,オーエムツーネットワーク,2.0
7615,京都きもの友禅ホールディングス,2.0
7619,田中商事,2.0
7621,うかい,2.0
7624,ＮａＩＴＯ,2.0
7625,グローバルダイニング,2.0
7634,星医療酸器,2.0
7635,杉田エース,2.0
7636,ハンズマン,2.0
7638,ＮＥＷ　ＡＲＴ　ＨＯＬＤＩＮＧＳ,2.0
7640,トップカルチャー,2.0
7643,ダイイチ,2.0
7646,ＰＬＡＮＴ,2.0
7670,オーウエル,2.0
7673,ダイコー通産,2.0
7677,ヤシマキザイ,2.0
7678,あさくま,2.0
7681,レオクラン,2.0
7682,浜木綿,2.0
7686,ひとまいる,2.0
7692,アースインフィニティ,2.0
7698,アイスコ,2.0
7702,ＪＭＳ,2.0
7709,クボテック,2.0
7711,助川電気工業,2.0
7713,シグマ光機,2.0
7716,ナカニシ,2.0
7719,東京衡機,2.0
7722,国際計測器,2.0
7726,黒田精工,2.0
7727,オーバル,2.0
7746,岡本硝子,2.0
7749,メディキット,2.0
7760,ＩＭＶ,2.0
7771,日本精密,2.0
7775,大研医器,2.0
7781,平山ホールディングス,2.0
7782,シンシア,2.0
7791,ドリームベッド,2.0
7795,ＫＹＯＲＩＴＳＵ,2.0
7800,アミファ,2.0
7804,ビーアンドピー,2.0
7805,プリントネット,2.0
7807,幸和製作所,2.0
7808,シー・エス・ランバー,2.0
7809,壽屋,2.0
7810,クロスフォー,2.0
7811,中本パックス,2.0
7812,クレステック,2.0
7813,プラッツ,2.0
7814,日本創発グループ,2.0
7815,東京ボード工業,2.0
7819,粧美堂,2.0
7822,永大産業,2.0
7823,アートネイチャー,2.0
7827,オービス,2.0
7831,ウイルコホールディングス,2.0
7833,アイフィスジャパン,2.0
7836,アビックス,2.0
7837,アールシーコア,2.0
7841,遠藤製作所,2.0
7847,グラファイトデザイン,2.0
7849,スターツ出版,2.0
7850,総合商研,2.0
7851,カワセコンピュータサプライ,2.0
7857,セキ,2.0
7859,アルメディオ,2.0
7863,平賀,2.0
7865,ピープル,2.0
7871,フクビ化学工業,2.0
7872,エステールホールディングス,2.0
7875,竹田ｉＰホールディングス,2.0
7877,永大化工,2.0
7878,光・彩,2.0
7879,ノダ,2.0
7883,サンメッセ,2.0
7885,タカノ,2.0
7886,ヤマト　モビリティ　＆　Ｍｆｇ．,2.0
7887,南海プライウッド,2.0
7896,セブン工業,2.0
7897,ホクシン,2.0
7898,ウッドワン,2.0
7901,マツモト,2.0
7902,ソノコム,2.0
7906,ヨネックス,2.0
7908,きもと,2.0
7916,光村印刷,2.0
7918,ヴィア・ホールディングス,2.0
7919,野崎印刷紙業,2.0
7922,三光産業,2.0
7923,トーイン,2.0
7927,ムトー精工,2.0
7928,旭化学工業,2.0
7932,ニッピ,2.0
7937,ツツミ,2.0
7938,リーガルコーポレーション,2.0
7939,研創,2.0
7940,ウェーブロックホールディングス,2.0
7946,光陽社,2.0
7953,菊水化学工業,2.0
7957,フジコピアン,2.0
7963,興研,2.0
7971,東リ,2.0
7975,リヒトラブ,2.0
7980,重松製作所,2.0
7983,ミロク,2.0
7985,ネポン,2.0
7986,日本アイ・エス・ケイ,2.0
7987,ナカバヤシ,2.0
7991,マミヤ・オーピー,2.0
7992,セーラー万年筆,2.0
7997,くろがね工作所,2.0
7999,ＭＵＴＯＨホールディングス,2.0
8006,ユアサ・フナショク,2.0
8013,ナイガイ,2.0
8018,三共生興,2.0
8023,ＤＡＩＫＯ　ＸＴＥＣＨ,2.0
8025,ツカモトコーポレーション,2.0
8029,ルックホールディングス,2.0
8030,中央魚類,2.0
8039,築地魚市場,2.0
8040,東京ソワール,2.0
8041,ＯＵＧホールディングス,2.0
8045,横浜丸魚,2.0
8046,丸藤シートパイル,2.0
8066,三谷商事,2.0
8076,カノークス,2.0
8077,トルク,2.0
8085,ナラサキ産業,2.0
8089,ナイス,2.0
8104,クワザワホールディングス,2.0
8105,Ｂｉｔｃｏｉｎ　Ｊａｐａｎ,2.0
8107,キムラタン,2.0
8115,ムーンバット,2.0
8117,中央自動車工業,2.0
8118,キング,2.0
8119,三栄コーポレーション,2.0
8123,川辺,2.0
8127,ヤマトインターナショナル,2.0
8131,ミツウロコグループホールディングス,2.0
8135,ゼット,2.0
8138,三京化成,2.0
8139,ナガホリ,2.0
8143,ラピーヌ,2.0
8144,デンキョーグループホールディングス,2.0
8147,トミタ,2.0
8152,ソマール,2.0
8165,千趣会,2.0
8166,タカキュー,2.0
8181,東天紅,2.0
8198,マックスバリュ東海,2.0
8202,ラオックスホールディングス,2.0
8207,テンアライド,2.0
8209,フレンドリー,2.0
8225,タカチホ,2.0
8226,理経,2.0
8230,はせがわ,2.0
8244,近鉄百貨店,2.0
8247,大和,2.0
8254,さいか屋,2.0
8260,井筒屋,2.0
8275,フォーバル,2.0
8285,三谷産業,2.0
8289,Ｏｌｙｍｐｉｃグループ,2.0
8291,日産東京販売ホールディングス,2.0
8349,東北銀行,2.0
8365,富山銀行,2.0
8383,鳥取銀行,2.0
8416,高知銀行,2.0
8508,Ｊトラスト,2.0
8518,日本アジア投資,2.0
8537,大光銀行,2.0
8542,トマト銀行,2.0
8562,福島銀行,2.0
8563,大東銀行,2.0
8572,アコム,2.0
8596,九州リースサービス,2.0
8617,光世証券,2.0
8699,ＨＳホールディングス,2.0
8700,丸八証券,2.0
8704,トレイダーズホールディングス,2.0
8705,日産証券グループ,2.0
8737,あかつき本社,2.0
8742,小林洋行,2.0
8746,ｕｎｂａｎｋｅｄ,2.0
8747,豊トラスティ証券,2.0
8769,アドバンテッジリスクマネジメント,2.0
8772,アサックス,2.0
8783,ａｂｃ,2.0
8789,フィンテック　グローバル,2.0
8835,太平洋興発,2.0
8836,ＲＩＳＥ,2.0
8841,テーオーシー,2.0
8844,コスモスイニシア,2.0
8864,空港施設,2.0
8869,明和地所,2.0
8871,ゴールドクレスト,2.0
8887,シーラホールディングス,2.0
8891,ＡＭＧホールディングス,2.0
8894,ＲＥＶＯＬＵＴＩＯＮ,2.0
8898,センチュリー２１・ジャパン,2.0
8904,ＡＶＡＮＴＩＡ,2.0
8908,毎日コムネット,2.0
8912,エリアクエスト,2.0
8914,エリアリンク,2.0
8917,ファースト住建,2.0
8918,ランド,2.0
8920,東祥,2.0
8927,明豊エンタープライズ,2.0
8928,穴吹興産,2.0
8929,青山財産ネットワークス,2.0
8931,和田興産,2.0
8940,インテリックス,2.0
8944,ランドビジネス,2.0
8945,サンネクスタグループ,2.0
8946,ＡＳＩＡＮ　ＳＴＡＲ,2.0
8995,誠建設工業,2.0
8996,ハウスフリーダム,2.0
9012,秩父鉄道,2.0
9017,新潟交通,2.0
9028,ゼロ,2.0
9029,ヒガシホールディングス,2.0
9033,広島電鉄,2.0
9034,南総通運,2.0
9036,東部ネットワーク,2.0
9049,京福電気鉄道,2.0
9051,センコン物流,2.0
9057,遠州トラック,2.0
9059,カンダホールディングス,2.0
9060,日本ロジテム,2.0
9063,岡山県貨物運送,2.0
9067,丸運,2.0
9073,京極運輸商事,2.0
9074,日本石油輸送,2.0
9082,大和自動車交通,2.0
9083,神姫バス,2.0
9087,タカセ,2.0
9115,明海グループ,2.0
9127,玉井商船,2.0
9130,共栄タンカー,2.0
9145,ビーイングホールディングス,2.0
9160,ノバレーゼ,2.0
9171,栗林商船,2.0
9173,東海汽船,2.0
9193,東京汽船,2.0
9206,スターフライヤー,2.0
9213,セイファート,2.0
9220,エフビー介護サービス,2.0
9221,フルハシＥＰＯ,2.0
9233,アジア航測,2.0
9248,人・夢・技術グループ,2.0
9249,日本エコシステム,2.0
9262,シルバーライフ,2.0
9264,ポエック,2.0
9265,ヤマシタヘルスケアホールディングス,2.0
9268,オプティマスグループ,2.0
9275,ナルミヤ・インターナショナル,2.0
9306,東陽倉庫,2.0
9307,杉村倉庫,2.0
9308,乾汽船,2.0
9311,アサガミ,2.0
9312,ケイヒン,2.0
9313,丸八倉庫,2.0
9322,川西倉庫,2.0
9325,ファイズホールディングス,2.0
9327,イー・ロジット,2.0
9339,コーチ・エィ,2.0
9340,アソインターナショナル,2.0
9351,東洋埠頭,2.0
9353,櫻島埠頭,2.0
9355,リンコーコーポレーション,2.0
9360,鈴与シンワート,2.0
9361,伏木海陸運送,2.0
9362,兵機海運,2.0
9363,大運,2.0
9365,トレーディア,2.0
9366,サンリツ,2.0
9367,大東港運,2.0
9368,キムラユニティー,2.0
9369,キユーソー流通システム,2.0
9376,ユーラシア旅行社,2.0
9377,エージーピー,2.0
9380,東海運,2.0
9385,ショーエイコーポレーション,2.0
9408,ＢＳＮメディアホールディングス,2.0
9414,日本ＢＳ放送,2.0
9417,スマートバリュー,2.0
9419,ワイヤレスゲート,2.0
9421,エヌジェイホールディングス,2.0
9423,フォーバル・リアルストレート,2.0
9425,ＲｅＹｕｕ　Ｊａｐａｎ,2.0
9428,クロップス,2.0
9436,沖縄セルラー電話,2.0
9439,エム・エイチ・グループ,2.0
9441,ベルパーク,2.0
9444,トーシンホールディングス,2.0
9445,フォーバルテレコム,2.0
9446,サカイホールディングス,2.0
9450,ファイバーゲート,2.0
9466,アイドママーケティングコミュニケーション,2.0
9475,昭文社ホールディングス,2.0
9476,中央経済社ホールディングス,2.0
9478,ＳＥホールディングス・アンド・インキュベーションズ,2.0
9514,エフオン,2.0
9537,北陸瓦斯,2.0
9539,京葉瓦斯,2.0
9564,ＦＣＥ,2.0
9610,ウィルソン・ラーニング　ワールドワイド,2.0
9625,セレスポ,2.0
9632,スバル興業,2.0
9633,東京テアトル,2.0
9635,武蔵野興業,2.0
9636,きんえい,2.0
9639,三協フロンテア,2.0
9640,セゾンテクノロジー,2.0
9647,協和コンサルタンツ,2.0
9651,日本プロセス,2.0
9656,グリーンランドリゾート,2.0
9661,歌舞伎座,2.0
9679,ホウライ,2.0
9685,ＫＹＣＯＭホールディングス,2.0
9686,東洋テック,2.0
9687,ＫＳＫ,2.0
9691,両毛システムズ,2.0
9696,ウィザス,2.0
9698,クレオ,2.0
9701,東京會舘,2.0
9704,アゴーラ　ホスピタリティー　グループ,2.0
9708,帝国ホテル,2.0
9709,ＮＣＳ＆Ａ,2.0
9713,ロイヤルホテル,2.0
9720,ホテル、ニューグランド,2.0
9723,京都ホテル,2.0
9726,ＫＮＴ－ＣＴホールディングス,2.0
9731,白洋舎,2.0
9733,ナガセ,2.0
9753,アイエックス・ナレッジ,2.0
9760,進学会ホールディングス,2.0
9761,東海リース,2.0
9763,丸建リース,2.0
9767,日建工学,2.0
9768,いであ,2.0
9776,札幌臨床検査センター,2.0
9778,昴,2.0
9780,ハリマビステム,2.0
9782,ディーエムエス,2.0
9791,ビケンテクノ,2.0
9799,旭情報サービス,2.0
9812,テーオーホールディングス,2.0
9816,ストライダーズ,2.0
9818,大丸エナウィン,2.0
9820,エムティジェネックス,2.0
9823,マミーマートホールディングス,2.0
9827,リリカラ,2.0
9828,Ｇｅｎｋｉ　Ｇｌｏｂａｌ　Ｄｉｎｉｎｇ　Ｃｏｎｃｅｐｔｓ,2.0
9835,ジュンテンドー,2.0
9845,パーカーコーポレーション,2.0
9846,天満屋ストア,2.0
9849,共同紙販ホールディングス,2.0
9853,銀座ルノアール,2.0
9854,愛眼,2.0
9856,ケーユーホールディングス,2.0
9857,英和,2.0
9867,ソレキア,2.0
9872,北恵,2.0
9876,コックス,2.0
9878,セキド,2.0
9885,シャルレ,2.0
9888,ＵＥＸ,2.0
9890,マキヤ,2.0
9895,コンセック,2.0
9896,ＪＫホールディングス,2.0
9903,カンセキ,2.0
9904,ベリテ,2.0
9906,藤井産業,2.0
9908,日本電計,2.0
9913,日邦産業,2.0
9914,植松商会,2.0
9927,ワットマン,2.0
9929,平和紙業,2.0
9930,北沢産業,2.0
9941,太洋物産,2.0
9950,ハチバン,2.0
9955,ヨンキュウ,2.0
9959,アシードホールディングス,2.0
9969,ショクブン,2.0
9972,アルテック,2.0
9973,ＫＯＺＯホールディングス,2.0
9976,セキチュー,2.0
9978,文教堂グループホールディングス,2.0
9979,大庄,2.0
9980,ＭＲＫホールディングス,2.0
9982,タキヒヨー,2.0
9986,蔵王産業,2.0
9993,ヤマザワ,2.0
9994,やまや,2.0
9996,サトー商会,2.0
130A,Ｖｅｒｉｔａｓ　Ｉｎ　Ｓｉｌｉｃｏ,3.0
135A,ＶＲＡＩＮ　Ｓｏｌｕｔｉｏｎ,3.0
137A,Ｃｏｃｏｌｉｖｅ,3.0
138A,光フードサービス,3.0
1401,エムビーエス,3.0
141A,トライアルホールディングス,3.0
142A,ジンジブ,3.0
1431,Ｌｉｂ　Ｗｏｒｋ,3.0
1436,グリーンエナジー＆カンパニー,3.0
143A,イシン,3.0
1444,ニッソウ,3.0
1447,ＳＡＡＦホールディングス,3.0
145A,Ｌ　ｉｓ　Ｂ,3.0
147A,ソラコム,3.0
148A,ハッチ・ワーク,3.0
149A,シンカ,3.0
150A,ＪＳＨ,3.0
151A,ダイブ,3.0
153A,カウリス,3.0
155A,情報戦略テクノロジー,3.0
156A,マテリアルグループ,3.0
157A,グリーンモンスター,3.0
165A,ＳＢＩレオスひふみ,3.0
166A,タスキホールディングス,3.0
168A,イタミアート,3.0
173A,ハンモック,3.0
175A,Ｗｉｌｌ　Ｓｍａｒｔ,3.0
176A,レジル,3.0
177A,コージンバイオ,3.0
184A,学びエイド,3.0
186A,アストロスケールホールディングス,3.0
189A,Ｄ＆Ｍカンパニー,3.0
190A,Ｃｈｏｒｄｉａ　Ｔｈｅｒａｐｅｕｔｉｃｓ,3.0
192A,インテグループ,3.0
194A,ＷＯＬＶＥＳ　ＨＡＮＤ,3.0
195A,ＭＵＳＣＡＴ　ＧＲＯＵＰ,3.0
196A,ＭＦＳ,3.0
198A,ＰｏｓｔＰｒｉｍｅ,3.0
202A,豆蔵,3.0
205A,ロゴスホールディングス,3.0
206A,ＰＲＩＳＭ　ＢｉｏＬａｂ,3.0
2158,ＦＲＯＮＴＥＯ,3.0
215A,タイミー,3.0
2160,ジーエヌアイグループ,3.0
2164,地域新聞社,3.0
2173,博展,3.0
218A,Ｌｉｂｅｒａｗａｒｅ,3.0
2195,アミタホールディングス,3.0
219A,Ｈｅａｒｔｓｅｅｄ,3.0
228A,オプロ,3.0
2321,ソフトフロントホールディングス,3.0
2334,イオレ,3.0
2342,トランスジェニックグループ,3.0
2351,ＡＳＪ,3.0
2370,メディネット,3.0
2385,総医研ホールディングス,3.0
2388,ウェッジホールディングス,3.0
241A,ＲＯＸＸ,3.0
2438,アスカネット,3.0
244A,グロースエクスパートナーズ,3.0
245A,ＩＮＧＳ,3.0
246A,アスア,3.0
247A,Ａｉロボティクス,3.0
248A,キッズスター,3.0
2497,ユナイテッド,3.0
2586,フルッタフルッタ,3.0
264A,Ｓｃｈｏｏ,3.0
265A,Ｈｍｃｏｍｍ,3.0
269A,Ｓａｐｅｅｔ,3.0
276A,ククレブ・アドバイザーズ,3.0
277A,グロービング,3.0
278A,Ｔｅｒｒａ　Ｄｒｏｎｅ,3.0
280A,ＴＭＨ,3.0
281A,インフォメティス,3.0
286A,ユカリア,3.0
288A,ラクサス・テクノロジーズ,3.0
290A,Ｓｙｎｓｐｅｃｔｉｖｅ,3.0
291A,リスキル,3.0
2934,ジェイフロンティア,3.0
2936,ベースフード,3.0
2937,サンクゼール,3.0
296A,令和アカウンティング・ホールディングス,3.0
2978,ツクルバ,3.0
2981,ランディックス,3.0
2983,アールプランナー,3.0
2986,ＬＡホールディングス,3.0
298A,ＧＶＡ　ＴＥＣＨ,3.0
2997,ストレージ王,3.0
2998,クリアル,3.0
299A,クラシル,3.0
302A,ビースタイルホールディングス,3.0
303A,ｖｉｓｕｍｏ,3.0
304A,フォルシア,3.0
3063,ジェイグループホールディングス,3.0
3070,ジェリービーンズグループ,3.0
3133,海帆,3.0
3137,ファンデリー,3.0
3138,富士山マガジンサービス,3.0
3140,ＢＲＵＮＯ,3.0
3185,夢展望,3.0
3187,ミラタップ,3.0
3195,ジェネレーションパス,3.0
319A,技術承継機構,3.0
3224,ゼネラル・オイスター,3.0
3237,イントランス,3.0
323A,フライヤー,3.0
324A,ブッキングリゾート,3.0
325A,ＴＥＮＴＩＡＬ,3.0
3261,グランディーズ,3.0
3300,アンビション　ＤＸ　ホールディングス,3.0
330A,ＴａｌｅｎｔＸ,3.0
332A,ミーク,3.0
334A,ビジュアル・プロセッシング・ジャパン,3.0
3359,ｃｏｔｔａ,3.0
335A,ミライロ,3.0
336A,ダイナミックマッププラットフォーム,3.0
338A,ＺｅｎｍｕＴｅｃｈ,3.0
339A,プログレス・テクノロジーズ　グループ,3.0
340A,ジグザグ,3.0
3418,バルニバービ,3.0
341A,トヨコー,3.0
3474,Ｇ－ＦＡＣＴＯＲＹ,3.0
3477,フォーライフ,3.0
3479,ティーケーピー,3.0
3491,ＧＡ　ｔｅｃｈｎｏｌｏｇｉｅｓ,3.0
3497,ＬｅＴｅｃｈ,3.0
350A,デジタルグリッド,3.0
352A,ＬＯＩＶＥ,3.0
3541,農業総合研究所,3.0
3542,ベガコーポレーション,3.0
3550,スタジオアタオ,3.0
3556,リネットジャパングループ,3.0
3557,ユナイテッド＆コレクティブ,3.0
3558,ジェイドグループ,3.0
3566,ユニフォームネクスト,3.0
3622,ネットイヤーグループ,3.0
3623,ビリングシステム,3.0
3624,アクセルマーク,3.0
3625,テックファームホールディングス,3.0
3628,データホライゾン,3.0
3645,メディカルネット,3.0
3646,駅探,3.0
3652,ディジタルメディアプロフェッショナル,3.0
3653,モルフォ,3.0
3664,モブキャストホールディングス,3.0
366A,ウェルネス・コミュニケーションズ,3.0
3674,オークファン,3.0
3680,ホットリンク,3.0
3691,デジタルプラス,3.0
3692,ＦＦＲＩセキュリティ,3.0
3695,ＧＭＯプロダクトプラットフォーム,3.0
3698,ＣＲＩ・ミドルウェア,3.0
369A,エータイ,3.0
3723,日本ファルコム,3.0
3727,アプリックス,3.0
373A,リップス,3.0
3773,アドバンスト・メディア,3.0
3777,環境フレンドリーホールディングス,3.0
378A,ヒット,3.0
3793,ドリコム,3.0
3803,イメージ情報開発,3.0
3807,フィスコ,3.0
3814,アルファクス・フード・システム,3.0
3815,メディア工房,3.0
387A,フラー,3.0
3900,クラウドワークス,3.0
3904,カヤック,3.0
3905,データセクション,3.0
3908,コラボス,3.0
3911,Ａｉｍｉｎｇ,3.0
3914,ＪＩＧ－ＳＡＷ,3.0
3917,アイリッジ,3.0
3927,フーバーブレイン,3.0
3929,ソーシャルワイヤー,3.0
3930,はてな,3.0
3931,バリューゴルフ,3.0
3936,グローバルウェイ,3.0
3961,シルバーエッグ・テクノロジー,3.0
3967,エルテス,3.0
3970,イノベーション,3.0
3976,シャノン,3.0
3979,うるる,3.0
3986,ビーブレイクシステムズ,3.0
3987,エコモット,3.0
3989,シェアリングテクノロジー,3.0
3991,ウォンテッドリー,3.0
3998,すららネット,3.0
4011,ヘッドウォータース,3.0
4013,勤次郎,3.0
4014,カラダノート,3.0
4015,ペイクラウドホールディングス,3.0
4017,クリーマ,3.0
4019,スタメン,3.0
4020,ビートレンド,3.0
402A,アクセルスペースホールディングス,3.0
4052,フィーチャ,3.0
4054,日本情報クリエイト,3.0
4055,ティアンドエスグループ,3.0
4056,ニューラルグループ,3.0
4057,インターファクトリー,3.0
4058,トヨクモ,3.0
4060,ｒａｋｕｍｏ,3.0
4068,ベイシス,3.0
4069,ＢｌｕｅＭｅｍｅ,3.0
4073,ジィ・シィ企画,3.0
4074,ラキール,3.0
4075,ブレインズテクノロジー,3.0
4076,シイエヌエス,3.0
410A,ＧＭＯコマース,3.0
414A,オーバーラップホールディングス,3.0
415A,ＧＭＯ　ＴＥＣＨホールディングス,3.0
4165,プレイド,3.0
4166,かっこ,3.0
4167,ココペリ,3.0
4168,ヤプリ,3.0
4169,ＥＮＥＣＨＡＮＧＥ,3.0
4170,Ｋａｉｚｅｎ　Ｐｌａｔｆｏｒｍ,3.0
4175,ｃｏｌｙ,3.0
4176,ココナラ,3.0
4177,ｉ‐ｐｌｕｇ,3.0
4178,Ｓｈａｒｉｎｇ　Ｉｎｎｏｖａｔｉｏｎｓ,3.0
4179,ジーネクスト,3.0
4192,スパイダープラス,3.0
4199,ワンダープラネット,3.0
421A,ムービン・ストラテジック・キャリア,3.0
4240,クラスターテクノロジー,3.0
4255,ＴＨＥＣＯＯ,3.0
4256,サインド,3.0
4258,網屋,3.0
4259,エクサウィザーズ,3.0
4260,ハイブリッドテクノロジーズ,3.0
4261,アジアクエスト,3.0
4262,ニフティライフスタイル,3.0
4263,サスメド,3.0
4264,セキュア,3.0
4265,Ｉｎｓｔｉｔｕｔｉｏｎ　ｆｏｒ　ａ　Ｇｌｏｂａｌ　Ｓｏｃｉｅｔｙ,3.0
4270,ＢｅｅＸ,3.0
4308,Ｊストリーム,3.0
4316,ビーマップ,3.0
431A,ユーソナー,3.0
436A,サイバーソリューションズ,3.0
4370,モビルス,3.0
4371,コアコンセプト・テクノロジー,3.0
4372,ユミルリンク,3.0
4374,ＲＯＢＯＴ　ＰＡＹＭＥＮＴ,3.0
4375,セーフィー,3.0
4376,くふうカンパニーホールディングス,3.0
4377,ワンキャリア,3.0
4378,ＣＩＮＣ,3.0
4379,Ｐｈｏｔｏｓｙｎｔｈ,3.0
4380,Ｍマート,3.0
4381,ビープラッツ,3.0
4387,ＺＵＵ,3.0
4389,プロパティデータバンク,3.0
438A,インフキュリオン,3.0
4391,ロジザード,3.0
4393,バンク・オブ・イノベーション,3.0
4394,エクスモーション,3.0
4395,アクリート,3.0
4397,チームスピリット,3.0
440A,ＢＪＣ,3.0
4412,サイエンスアーツ,3.0
4414,フレクト,3.0
4415,ブロードエンタープライズ,3.0
4416,Ｔｒｕｅ　Ｄａｔａ,3.0
4417,グローバルセキュリティエキスパート,3.0
4418,ＪＤＳＣ,3.0
4419,Ｆｉｎａｔｅｘｔホールディングス,3.0
441A,ＮＥ,3.0
4422,ＶＡＬＵＥＮＥＸ,3.0
4424,Ａｍａｚｉａ,3.0
4425,Ｋｕｄａｎ,3.0
4427,ＥｄｕＬａｂ,3.0
4428,シノプス,3.0
4429,リックソフト,3.0
442A,クラシコ,3.0
4431,スマレジ,3.0
4436,ミンカブ・ジ・インフォノイド,3.0
4437,ｇｏｏｄｄａｙｓホールディングス,3.0
4438,Ｗｅｌｂｙ,3.0
4442,バルテス・ホールディングス,3.0
4444,インフォネット,3.0
4445,リビン・テクノロジーズ,3.0
4447,ピー・ビーシステムズ,3.0
4448,ｋｕｂｅｌｌ,3.0
4450,パワーソリューションズ,3.0
446A,ノースサンド,3.0
4475,ＨＥＮＮＧＥ,3.0
4476,ＡＩ　ＣＲＯＳＳ,3.0
4477,ＢＡＳＥ,3.0
4478,フリー,3.0
4479,マクアケ,3.0
4482,ウィルズ,3.0
4484,ランサーズ,3.0
4486,ユナイトアンドグロウ,3.0
4487,スペースマーケット,3.0
4488,ＡＩ　ｉｎｓｉｄｅ,3.0
4490,ビザスク,3.0
4493,サイバーセキュリティクラウド,3.0
4495,アイキューブドシステムズ,3.0
4496,コマースＯｎｅホールディングス,3.0
4498,サイバートラスト,3.0
4563,アンジェス,3.0
4564,オンコセラピー・サイエンス,3.0
456A,ＨＵＭＡＮ　ＭＡＤＥ,3.0
4570,免疫生物研究所,3.0
4571,ＮＡＮＯホールディングス,3.0
4572,カルナバイオサイエンス,3.0
4575,キャンバス,3.0
4576,デ・ウエスタン・セラピテクス研究所,3.0
4579,ラクオリア創薬,3.0
4582,シンバイオ製薬,3.0
4583,カイオム・バイオサイエンス,3.0
4584,キッズウェル・バイオ,3.0
4586,メドレックス,3.0
4588,オンコリスバイオファーマ,3.0
4591,リボミック,3.0
4592,サンバイオ,3.0
4593,ヘリオス,3.0
4594,ブライトパス・バイオ,3.0
4596,窪田製薬ホールディングス,3.0
4597,ソレイジア・ファーマ,3.0
4598,Ｄｅｌｔａ－Ｆｌｙ　Ｐｈａｒｍａ,3.0
4599,ステムリム,3.0
460A,ＢＲＡＮＵ,3.0
462A,ＦＵＮＤＩＮＮＯ,3.0
464A,ＱＰＳホールディングス,3.0
469A,フィットクルー,3.0
472A,ミラティブ,3.0
4772,ＳＭ　ＥＮＴＥＲＴＡＩＮＭＥＮＴ　ＪＡＰＡＮ,3.0
477A,スタートライン,3.0
478A,フツパー,3.0
479A,ＰＲＯＮＩ,3.0
480A,リブ・コンサルティング,3.0
4811,ドリーム・アーツ,3.0
4833,Ｄｅｆ　ｃｏｎｓｕｌｔｉｎｇ,3.0
485A,パワーエックス,3.0
4881,ファンペップ,3.0
4882,ペルセウスプロテオミクス,3.0
4883,モダリス,3.0
4884,クリングルファーマ,3.0
4888,ステラファーマ,3.0
4889,レナサイエンス,3.0
4890,坪田ラボ,3.0
4891,ティムス,3.0
4892,サイフューズ,3.0
4893,ノイルイミューン・バイオテック,3.0
4894,クオリプス,3.0
4896,ケイファーマ,3.0
4934,プレミアアンチエイジング,3.0
4937,Ｗａｑｏｏ,3.0
4978,リプロセル,3.0
5025,マーキュリー,3.0
5026,トリプルアイズ,3.0
5027,ＡｎｙＭｉｎｄ　Ｇｒｏｕｐ,3.0
5028,セカンドサイトアナリティカ,3.0
5029,サークレイス,3.0
5031,モイ,3.0
5033,ヌーラボ,3.0
5034,ｕｎｅｒｒｙ,3.0
5035,ＨＯＵＳＥＩ,3.0
5038,ｅＷｅＬＬ,3.0
504A,イノバセル,3.0
5070,ドラフト,3.0
5125,ファインズ,3.0
5126,ポーターズ,3.0
5129,ＦＩＸＥＲ,3.0
5131,リンカーズ,3.0
5132,ｐｌｕｓｚｅｒｏ,3.0
5134,ＰＯＰＥＲ,3.0
5136,ｔｒｉｐｌａ,3.0
5137,スマートドライブ,3.0
5138,Ｒｅｂａｓｅ,3.0
5139,オープンワーク,3.0
5240,ｍｏｎｏＡＩ　ｔｅｃｈｎｏｌｏｇｙ,3.0
5242,アイズ,3.0
5243,ｎｏｔｅ,3.0
5244,ｊｉｇ．ｊｐ,3.0
5246,ＥＬＥＭＥＮＴＳ,3.0
5247,ＢＴＭ,3.0
5248,テクノロジーズ,3.0
5252,日本ナレッジ,3.0
5253,カバー,3.0
5254,Ａｒｅｎｔ,3.0
5255,モンスターラボ,3.0
5256,Ｆｕｓｉｃ,3.0
5258,トランザクション・メディア・ネットワークス,3.0
5259,ＢＢＤイニシアティブ,3.0
5527,ｐｒｏｐｅｒｔｙ　ｔｅｃｈｎｏｌｏｇｉｅｓ,3.0
5532,リアルゲイト,3.0
5537,ＡｌｂａＬｉｎｋ,3.0
5570,ジェノバ,3.0
5572,Ｒｉｄｇｅ－ｉ,3.0
5574,ＡＢＥＪＡ,3.0
5575,Ｇｌｏｂｅｅ,3.0
5577,アイデミー,3.0
5578,ＡＲアドバンストテクノロジ,3.0
5580,プロディライト,3.0
5582,グリッド,3.0
5586,Ｌａｂｏｒｏ．ＡＩ,3.0
5587,インバウンドプラットフォーム,3.0
5588,ファーストアカウンティング,3.0
5590,ネットスターズ,3.0
5591,ＡＶＩＬＥＮ,3.0
5592,くすりの窓口,3.0
5595,ＱＰＳ研究所,3.0
5596,アウトルックコンサルティング,3.0
5597,ブルーイノベーション,3.0
5599,Ｓ＆Ｊ,3.0
5616,雨風太陽,3.0
5618,ナイル,3.0
5619,マーソ,3.0
5621,ヒューマンテクノロジーズ,3.0
5704,ＪＭＣ,3.0
5834,ＳＢＩリーシングサービス,3.0
5842,インテグラル,3.0
5858,ＳＴＧ,3.0
5867,エスネットワークス,3.0
5870,ナルネットコミュニケーションズ,3.0
5884,クラダシ,3.0
5888,ＤＡＩＷＡ　ＣＹＣＬＥ,3.0
5892,ｙｕｔｏｒｉ,3.0
6026,ＧＭＯ　ＴＥＣＨ,3.0
6030,アドベンチャー,3.0
6031,ＺＥＴＡ,3.0
6033,エクストリーム,3.0
6034,ＭＲＴ,3.0
6038,イード,3.0
6039,日本動物高度医療センター,3.0
6040,日本スキー場開発,3.0
6045,レントラックス,3.0
6046,リンクバル,3.0
6049,イトクロ,3.0
6069,トレンダーズ,3.0
6081,アライドアーキテクツ,3.0
6085,アーキテクツ・スタジオ・ジャパン,3.0
6086,シンメンテホールディングス,3.0
6094,フリークアウト・ホールディングス,3.0
6166,中村超硬,3.0
6173,アクアライン,3.0
6177,ＡｐｐＢａｎｋ,3.0
6180,ＧＭＯメディア,3.0
6181,タメニー,3.0
6182,メタリアル,3.0
6190,フェニックスバイオ,3.0
6193,バーチャレクス・ホールディングス,3.0
6195,ホープ,3.0
6198,キャリア,3.0
6224,ＪＲＣ,3.0
6232,ＡＣＳＬ,3.0
6255,エヌ・ピー・シー,3.0
6521,オキサイド,3.0
6522,アスタリスク,3.0
6537,ＷＡＳＨハウス,3.0
6545,インターネットインフィニティー,3.0
6548,旅工房,3.0
6554,エスユーエス,3.0
6557,ＡＩＡＩグループ,3.0
6558,クックビズ,3.0
6561,ＨＡＮＡＴＯＵＲ　ＪＡＰＡＮ,3.0
6562,ジーニー,3.0
6563,みらいワークス,3.0
6568,神戸天然物化学,3.0
6573,CRAVIA,3.0
6574,コンヴァノ,3.0
6577,ベストワンドットコム,3.0
6579,ログリー,3.0
6580,ライトアップ,3.0
6597,ＨＰＣシステムズ,3.0
6612,バルミューダ,3.0
6613,ＱＤレーザ,3.0
6696,トラース・オン・プロダクト,3.0
7031,インバウンドテック,3.0
7036,イーエムネットジャパン,3.0
7039,ブリッジインターナショナルグループ,3.0
7041,ＣＲＧホールディングス,3.0
7043,アルー,3.0
7046,ＴＤＳＥ,3.0
7047,ポート,3.0
7048,ベルトラ,3.0
7049,識学,3.0
7050,フロンティアインターナショナル,3.0
7061,日本ホスピスホールディングス,3.0
7062,フレアス,3.0
7063,Ｂｉｒｄｍａｎ,3.0
7064,ハウテレビジョン,3.0
7066,ピアズ,3.0
7067,ブランディングテクノロジー,3.0
7068,フィードフォースグループ,3.0
7069,サイバー・バズ,3.0
7072,インティメート・マージャー,3.0
7073,ジェイック,3.0
7074,トゥエンティーフォーセブンホールディングス,3.0
7075,ＱＬＳホールディングス,3.0
7077,ＡＬｉＮＫインターネット,3.0
7078,ＩＮＣＬＵＳＩＶＥ　Ｈｏｌｄｉｎｇｓ,3.0
7079,ＷＤＢココ,3.0
7080,スポーツフィールド,3.0
7082,ジモティー,3.0
7083,ＡＨＣグループ,3.0
7084,Ｓｍｉｌｅ　Ｈｏｌｄｉｎｇｓ,3.0
7089,フォースタートアップス,3.0
7090,リグア,3.0
7091,リビングプラットフォーム,3.0
7093,アディッシュ,3.0
7094,ＮｅｘＴｏｎｅ,3.0
7096,ステムセル研究所,3.0
7097,さくらさくプラス,3.0
7110,クラシコム,3.0
7112,キューブ,3.0
7114,フーディソン,3.0
7119,ハルメクホールディングス,3.0
7133,ＨＹＵＧＡ　ＰＲＩＭＡＲＹ　ＣＡＲＥ,3.0
7138,ＴＯＲＩＣＯ,3.0
7140,ペットゴー,3.0
7317,松屋アールアンドディ,3.0
7318,セレンディップ・ホールディングス,3.0
7320,Ｓｏｌｖｖｙ,3.0
7325,アイリックコーポレーション,3.0
7326,ＳＢＩインシュアランスグループ,3.0
7343,ブロードマインド,3.0
7345,アイ・パートナーズフィナンシャル,3.0
7351,グッドパッチ,3.0
7352,ＴＷＯＳＴＯＮＥ＆Ｓｏｎｓ,3.0
7353,ＫＩＹＯラーニング,3.0
7356,Ｒｅｔｔｙ,3.0
7359,東京通信グループ,3.0
7360,オンデック,3.0
7361,ヒューマンクリエイションホールディングス,3.0
7362,Ｔ．Ｓ．Ｉ,3.0
7363,ベビーカレンダー,3.0
7369,メイホーホールディングス,3.0
7370,Ｅｎｊｉｎ,3.0
7371,Ｚｅｎｋｅｎ,3.0
7372,デコルテ・ホールディングス,3.0
7373,アイドマ・ホールディングス,3.0
7374,コンフィデンス・インターワークス,3.0
7375,リファインバースグループ,3.0
7376,ＢＣＣ,3.0
7378,アシロ,3.0
7379,サーキュレーション,3.0
7409,ＡｅｒｏＥｄｇｅ,3.0
7674,ＮＡＴＴＹ　ＳＷＡＮＫＹホールディングス,3.0
7685,ＢｕｙＳｅｌｌ　Ｔｅｃｈｎｏｌｏｇｉｅｓ,3.0
7687,ミクリード,3.0
7689,コパ・コーポレーション,3.0
7694,いつも,3.0
7695,交換できるくん,3.0
7707,プレシジョン・システム・サイエンス,3.0
7774,ジャパン・ティッシュエンジニアリング,3.0
7776,セルシード,3.0
7777,スリー・ディー・マトリックス,3.0
7779,ＣＹＢＥＲＤＹＮＥ,3.0
7792,コラントッテ,3.0
7793,イメージ・マジック,3.0
7794,イーディーピー,3.0
7803,ブシロード,3.0
7806,ＭＴＧ,3.0
8938,グローム・ホールディングス,3.0
9158,シーユーシー,3.0
9159,Ｗ　ＴＯＫＹＯ,3.0
9162,ブリーチ,3.0
9163,ナレルグループ,3.0
9164,トライト,3.0
9165,クオルテック,3.0
9166,ＧＥＮＤＡ,3.0
9168,ライズ・コンサルティング・グループ,3.0
9204,スカイマーク,3.0
9211,エフ・コード,3.0
9212,Ｇｒｅｅｎ　Ｅａｒｔｈ　Ｉｎｓｔｉｔｕｔｅ,3.0
9214,Ｒｅｃｏｖｅｒｙ　Ｉｎｔｅｒｎａｔｉｏｎａｌ,3.0
9215,ＣａＳｙ,3.0
9218,メンタルヘルステクノロジーズ,3.0
9219,ギックス,3.0
9223,ＡＳＮＯＶＡ,3.0
9225,ブリッジコンサルティンググループ,3.0
9227,マイクロ波化学,3.0
9235,売れるネット広告社グループ,3.0
9236,ジャパンＭ＆Ａソリューション,3.0
9237,笑美面,3.0
9238,バリュークリエーション,3.0
9240,デリバリーコンサルティング,3.0
9241,フューチャーリンクネットワーク,3.0
9242,メディア総研,3.0
9244,デジタリフト,3.0
9245,リベロ,3.0
9246,プロジェクトホールディングス,3.0
9250,ＧＲＣＳ,3.0
9251,ＡＢ＆Ｃｏｍｐａｎｙ,3.0
9252,ラストワンマイル,3.0
9253,スローガン,3.0
9254,ラバブルマーケティンググループ,3.0
9256,サクシード,3.0
9258,ＣＳ－Ｃ,3.0
9259,タカヨシホールディングス,3.0
9270,バリュエンスホールディングス,3.0
9271,和心,3.0
9272,ブティックス,3.0
9326,関通,3.0
9330,揚羽,3.0
9331,キャスター,3.0
9337,トリドリ,3.0
9338,ＩＮＦＯＲＩＣＨ,3.0
9342,スマサポ,3.0
9343,アイビス,3.0
9344,アクシスコンサルティング,3.0
9345,ビズメイツ,3.0
9346,ココルポート,3.0
9348,ｉｓｐａｃｅ,3.0
9467,アルファポリス,3.0
9553,マイクロアド,3.0
9554,ＡＶｉＣ,3.0
9556,ＩＮＴＬＯＯＰ,3.0
9557,エアークローゼット,3.0
9558,ジャパニアス,3.0
9560,プログリット,3.0
9561,グラッドキューブ,3.0
9562,ビジネスコーチ,3.0
9563,Ａｔｌａｓ　Ｔｅｃｈｎｏｌｏｇｉｅｓ,3.0
9565,ＧＬＯＥ,3.0
1305,ｉＦｒｅｅＥＴＦ　ＴＯＰＩＸ（年１回決算型）,11.0
1306,ＮＥＸＴ　ＦＵＮＤＳ　ＴＯＰＩＸ連動型上場投信,11.0
1308,上場インデックスファンドＴＯＰＩＸ,11.0
1309,ＮＥＸＴ　ＦＵＮＤＳ　ＣｈｉｎａＡＭＣ・中国株式・上証５０連動型上場投信,11.0
1311,ＮＥＸＴ　ＦＵＮＤＳ　ＴＯＰＩＸ　Ｃｏｒｅ　３０連動型上場投信,11.0
1319,ＮＥＸＴ　ＦＵＮＤＳ　日経３００株価指数連動型上場投信,11.0
1320,ｉＦｒｅｅＥＴＦ　日経２２５（年１回決算型）,11.0
1321,ＮＥＸＴ　ＦＵＮＤＳ　日経２２５連動型上場投信,11.0
1322,上場インデックスファンド中国Ａ株（パンダ）Ｅ　Ｆｕｎｄ　ＣＳＩ３００,11.0
1325,ＮＥＸＴ　ＦＵＮＤＳ　ブラジル株式指数・ボベスパ連動型上場投信,11.0
1326,ＳＰＤＲゴールド・シェア,11.0
1328,ＮＥＸＴ　ＦＵＮＤＳ　金価格連動型上場投信,11.0
1329,ｉシェアーズ・コア　日経２２５　ＥＴＦ,11.0
1330,上場インデックスファンド２２５,11.0
133A,グローバルＸ　超短期米国債　ＥＴＦ,11.0
1343,ＮＥＸＴ　ＦＵＮＤＳ　東証ＲＥＩＴ　指数連動型上場投信,11.0
1345,上場インデックスファンドＪリート（東証ＲＥＩＴ指数）隔月分配型,11.0
1346,ＭＡＸＩＳ　日経２２５上場投信,11.0
1348,ＭＡＸＩＳ　トピックス上場投信,11.0
1349,ＡＢＦ汎アジア債券インデックス・ファンド,11.0
1356,ＴＯＰＩＸベア２倍上場投信,11.0
1357,ＮＥＸＴ　ＦＵＮＤＳ　日経平均ダブルインバース・インデックス連動型上場投信,11.0
1358,上場インデックスファンド日経レバレッジ指数,11.0
1360,日経平均ベア２倍上場投信,11.0
1364,ｉシェアーズ　ＪＰＸ日経４００　ＥＴＦ,11.0
1365,ｉＦｒｅｅＥＴＦ　日経平均レバレッジ・インデックス,11.0
1366,ｉＦｒｅｅＥＴＦ　日経平均ダブルインバース・インデックス,11.0
1367,ｉＦｒｅｅＥＴＦ　ＴＯＰＩＸレバレッジ（２倍）指数,11.0
1368,ｉＦｒｅｅＥＴＦ　ＴＯＰＩＸダブルインバース（－２倍）指数,11.0
1369,Ｏｎｅ　ＥＴＦ　日経２２５,11.0
1397,ＳＭＤＡＭ　日経２２５上場投信,11.0
1398,ＳＭＤＡＭ　東証ＲＥＩＴ指数上場投信,11.0
1399,上場インデックスファンドＭＳＣＩ日本株高配当低ボラティリティ,11.0
140A,ｉＦｒｅｅＥＴＦ　米国１０年国債先物インバース,11.0
1456,ｉＦｒｅｅＥＴＦ　日経平均インバース・インデックス,11.0
1457,ｉＦｒｅｅＥＴＦ　ＴＯＰＩＸインバース（－１倍）指数,11.0
1458,楽天ＥＴＦ‐日経レバレッジ指数連動型,11.0
1459,楽天ＥＴＦ‐日経ダブルインバース指数連動型,11.0
1466,ｉＦｒｅｅＥＴＦ　ＪＰＸ日経４００ダブルインバース・インデックス,11.0
1469,ＪＰＸ日経４００ベア２倍上場投信（ダブルインバース）,11.0
1472,ＮＥＸＴ　ＦＵＮＤＳ　ＪＰＸ日経４００ダブルインバース・インデックス連動型上場投信,11.0
1473,Ｏｎｅ　ＥＴＦ　トピックス,11.0
1474,Ｏｎｅ　ＥＴＦ　ＪＰＸ日経４００,11.0
1475,ｉシェアーズ・コア　ＴＯＰＩＸ　ＥＴＦ,11.0
1476,ｉシェアーズ・コア　Ｊリート　ＥＴＦ,11.0
1477,ｉシェアーズ　ＭＳＣＩ　日本株最小分散　ＥＴＦ,11.0
1478,ｉシェアーズ　ＭＳＣＩ　ジャパン高配当利回り　ＥＴＦ,11.0
1479,ｉＦｒｅｅＥＴＦ　ＭＳＣＩ日本株人材設備投資指数,11.0
1480,ＮＥＸＴ　ＦＵＮＤＳ　野村企業価値分配指数連動型上場投信,11.0
1481,上場インデックスファンド日本経済貢献株,11.0
1482,ｉシェアーズ・コア　米国債７－１０年　ＥＴＦ（為替ヘッジあり）,11.0
1483,ｉシェアーズ　ＪＰＸ／Ｓ＆Ｐ設備・人材投資　ＥＴＦ,11.0
1484,Ｏｎｅ　ＥＴＦ　ＪＰＸ／Ｓ＆Ｐ　設備・人材投資指数,11.0
1485,ＭＡＸＩＳ　ＪＡＰＡＮ　設備・人材積極投資企業２００上場投信,11.0
1486,上場インデックスファンド米国債券（為替ヘッジなし）,11.0
1487,上場インデックスファンド米国債券（為替ヘッジあり）,11.0
1488,ｉＦｒｅｅＥＴＦ　東証ＲＥＩＴ指数,11.0
1489,ＮＥＸＴ　ＦＵＮＤＳ　日経平均高配当株５０指数連動型上場投信,11.0
1490,上場インデックスファンドＭＳＣＩ日本株高配当低ボラティリティ（βヘッジ）,11.0
1493,Ｏｎｅ　ＥＴＦ　ＪＰＸ日経中小型,11.0
1494,Ｏｎｅ　ＥＴＦ　高配当日本株,11.0
1495,上場インデックスファンドアジアリート,11.0
1496,ｉシェアーズ　米ドル建て投資適格社債　ＥＴＦ（為替ヘッジあり）,11.0
1497,ｉシェアーズ　米ドル建てハイイールド社債　ＥＴＦ（為替ヘッジあり）,11.0
1498,Ｏｎｅ　ＥＴＦ　ＥＳＧ,11.0
1499,ＭＡＸＩＳ日本株高配当７０マーケットニュートラル上場投信,11.0
1540,純金上場信託（現物国内保管型）,11.0
1541,純プラチナ上場信託（現物国内保管型）,11.0
1542,純銀上場信託（現物国内保管型）,11.0
1543,純パラジウム上場信託（現物国内保管型）,11.0
1545,ＮＥＸＴ　ＦＵＮＤＳ　ＮＡＳＤＡＱ－１００（為替ヘッジなし）連動型上場投信,11.0
1546,ＮＥＸＴ　ＦＵＮＤＳ　ダウ・ジョーンズ工業株３０種平均株価（為替ヘッジなし）連動型上場投信,11.0
1547,上場インデックスファンド米国株式（Ｓ＆Ｐ５００）,11.0
1550,ＭＡＸＩＳ　海外株式（ＭＳＣＩコクサイ）上場投信,11.0
1551,東証スタンダードＴＯＰ２０ＥＴＦ,11.0
1554,上場インデックスファンド世界株式（ＭＳＣＩ　ＡＣＷＩ）除く日本,11.0
1555,上場インデックスファンド豪州リート（Ｓ＆Ｐ／ＡＳＸ２００　Ａ－ＲＥＩＴ）,11.0
1557,Ｓｔａｔｅ　Ｓｔｒｅｅｔ　ＳＰＤＲ　Ｓ＆Ｐ　５００　ＥＴＦ,11.0
1559,ＮＥＸＴ　ＦＵＮＤＳ　タイ株式ＳＥＴ５０指数連動型上場投信,11.0
1560,ＮＥＸＴ　ＦＵＮＤＳ　ＦＴＳＥブルサ・マレーシアＫＬＣＩ連動型上場投信,11.0
1563,東証グロース・コアＥＴＦ,11.0
1566,上場インデックスファンド新興国債券,11.0
1568,ＴＯＰＩＸブル２倍上場投信,11.0
1569,ＴＯＰＩＸベア上場投信,11.0
1570,ＮＥＸＴ　ＦＵＮＤＳ　日経平均レバレッジ・インデックス連動型上場投信,11.0
1571,ＮＥＸＴ　ＦＵＮＤＳ　日経平均インバース・インデックス連動型上場投信,11.0
1572,中国Ｈ株ブル２倍上場投信,11.0
1573,中国Ｈ株ベア上場投信,11.0
1577,ＮＥＸＴ　ＦＵＮＤＳ　野村日本株高配当７０連動型上場投信,11.0
1578,上場インデックスファンド日経２２５（ミニ）,11.0
1579,日経平均ブル２倍上場投信,11.0
1580,日経平均ベア上場投信,11.0
1585,ｉＦｒｅｅＥＴＦ　ＴＯＰＩＸ　Ｅｘ－Ｆｉｎａｎｃｉａｌｓ,11.0
1586,上場インデックスファンドＴＯＰＩＸ　Ｅｘ－Ｆｉｎａｎｃｉａｌｓ,11.0
1591,ＮＥＸＴ　ＦＵＮＤＳ　ＪＰＸ日経インデックス４００連動型上場投信,11.0
1592,上場インデックスファンドＪＰＸ日経インデックス４００,11.0
1593,ＭＡＸＩＳ　ＪＰＸ日経インデックス４００上場投信,11.0
1595,ＮＺＡＭ　上場投信　東証ＲＥＩＴ指数,11.0
1596,ＮＺＡＭ　上場投信　ＴＯＰＩＸ　Ｅｘ－Ｆｉｎａｎｃｉａｌｓ,11.0
1597,ＭＡＸＩＳ　Ｊリート上場投信,11.0
1599,ｉＦｒｅｅＥＴＦ　ＪＰＸ日経４００,11.0
159A,ＮＥＸＴ　ＦＵＮＤＳ　ＪＰＸプライム１５０指数連動型上場投信,11.0
1615,ＮＥＸＴ　ＦＵＮＤＳ　東証銀行業株価指数連動型上場投信,11.0
1617,ＮＥＸＴ　ＦＵＮＤＳ　食品（ＴＯＰＩＸ－１７）上場投信,11.0
1618,ＮＥＸＴ　ＦＵＮＤＳ　エネルギー資源（ＴＯＰＩＸ－１７）上場投信,11.0
1619,ＮＥＸＴ　ＦＵＮＤＳ　建設・資材（ＴＯＰＩＸ－１７）上場投信,11.0
1620,ＮＥＸＴ　ＦＵＮＤＳ　素材・化学（ＴＯＰＩＸ－１７）上場投信,11.0
1621,ＮＥＸＴ　ＦＵＮＤＳ　医薬品（ＴＯＰＩＸ－１７）上場投信,11.0
1622,ＮＥＸＴ　ＦＵＮＤＳ　自動車・輸送機（ＴＯＰＩＸ－１７）上場投信,11.0
1623,ＮＥＸＴ　ＦＵＮＤＳ　鉄鋼・非鉄（ＴＯＰＩＸ－１７）上場投信,11.0
1624,ＮＥＸＴ　ＦＵＮＤＳ　機械（ＴＯＰＩＸ－１７）上場投信,11.0
1625,ＮＥＸＴ　ＦＵＮＤＳ　電機・精密（ＴＯＰＩＸ－１７）上場投信,11.0
1626,ＮＥＸＴ　ＦＵＮＤＳ　情報通信・サービスその他（ＴＯＰＩＸ－１７）上場投信,11.0
1627,ＮＥＸＴ　ＦＵＮＤＳ　電力・ガス（ＴＯＰＩＸ－１７）上場投信,11.0
1628,ＮＥＸＴ　ＦＵＮＤＳ　運輸・物流（ＴＯＰＩＸ－１７）上場投信,11.0
1629,ＮＥＸＴ　ＦＵＮＤＳ　商社・卸売（ＴＯＰＩＸ－１７）上場投信,11.0
162A,ＡＩセレクトメガトレンド　日本株（ネットリターン）ＥＴＮ,11.0
1630,ＮＥＸＴ　ＦＵＮＤＳ　小売（ＴＯＰＩＸ－１７）上場投信,11.0
1631,ＮＥＸＴ　ＦＵＮＤＳ　銀行（ＴＯＰＩＸ－１７）上場投信,11.0
1632,ＮＥＸＴ　ＦＵＮＤＳ　金融（除く銀行）（ＴＯＰＩＸ－１７）上場投信,11.0
1633,ＮＥＸＴ　ＦＵＮＤＳ　不動産（ＴＯＰＩＸ－１７）上場投信,11.0
163A,半導体フォーカス　日本株（ネットリターン）ＥＴＮ,11.0
1651,ｉＦｒｅｅＥＴＦ　ＴＯＰＩＸ高配当４０指数,11.0
1652,ｉＦｒｅｅＥＴＦ　ＭＳＣＩ日本株女性活躍指数（ＷＩＮ）,11.0
1653,ｉＦｒｅｅＥＴＦ　ＭＳＣＩジャパンＥＳＧセレクト・リーダーズ指数,11.0
1654,ｉＦｒｅｅＥＴＦ　ＦＴＳＥ　ＪＰＸ　Ｂｌｏｓｓｏｍ　Ｊａｐａｎ　Ｉｎｄｅｘ,11.0
1655,ｉシェアーズ　Ｓ＆Ｐ　５００　米国株　ＥＴＦ,11.0
1656,ｉシェアーズ・コア　米国債７－１０年　ＥＴＦ,11.0
1657,ｉシェアーズ・コア　ＭＳＣＩ　先進国株（除く日本）ＥＴＦ,11.0
1658,ｉシェアーズ・コア　ＭＳＣＩ　新興国株　ＥＴＦ,11.0
1659,ｉシェアーズ　米国リート　ＥＴＦ,11.0
1660,ＭＡＸＩＳ高利回りＪリート上場投信,11.0
1671,ＷＴＩ原油価格連動型上場投信,11.0
1672,ＷｉｓｄｏｍＴｒｅｅ　金上場投資信託,11.0
1673,ＷｉｓｄｏｍＴｒｅｅ　銀上場投資信託,11.0
1674,ＷｉｓｄｏｍＴｒｅｅ　白金上場投資信託,11.0
1675,ＷｉｓｄｏｍＴｒｅｅ　パラジウム上場投資信託,11.0
1676,ＷｉｓｄｏｍＴｒｅｅ　貴金属バスケット上場投資信託,11.0
1677,上場インデックスファンド海外債券（ＦＴＳＥ　ＷＧＢＩ）毎月分配型,11.0
1678,ＮＥＸＴ　ＦＵＮＤＳ　インド株式指数・Ｎｉｆｔｙ　５０　連動型上場投信,11.0
1679,Ｓｉｍｐｌｅ－Ｘ　ＮＹ　ダウ・ジョーンズ・インデックス上場投信,11.0
1680,上場インデックスファンド海外先進国株式（ＭＳＣＩ－ＫＯＫＵＳＡＩ）,11.0
1681,上場インデックスファンド海外新興国株式（ＭＳＣＩ　エマージング）,11.0
1684,ＷｉｓｄｏｍＴｒｅｅ　ブロード上場投資信託,11.0
1685,ＷｉｓｄｏｍＴｒｅｅ　エネルギー上場投資信託,11.0
1686,ＷｉｓｄｏｍＴｒｅｅ　産業用金属上場投資信託,11.0
1687,ＷｉｓｄｏｍＴｒｅｅ　農産物上場投資信託,11.0
1688,ＷｉｓｄｏｍＴｒｅｅ　穀物上場投資信託,11.0
1689,ＷｉｓｄｏｍＴｒｅｅ　天然ガス上場投資信託,11.0
1690,ＷｉｓｄｏｍＴｒｅｅ　ＷＴＩ　原油上場投資信託,11.0
1691,ＷｉｓｄｏｍＴｒｅｅ　ガソリン上場投資信託,11.0
1692,ＷｉｓｄｏｍＴｒｅｅ　アルミニウム上場投資信託,11.0
1693,ＷｉｓｄｏｍＴｒｅｅ　銅上場投資信託,11.0
1694,ＷｉｓｄｏｍＴｒｅｅ　ニッケル上場投資信託,11.0
1695,ＷｉｓｄｏｍＴｒｅｅ　小麦上場投資信託,11.0
1696,ＷｉｓｄｏｍＴｒｅｅ　とうもろこし上場投資信託,11.0
1697,ＷｉｓｄｏｍＴｒｅｅ　大豆上場投資信託,11.0
1698,上場インデックスファンド日本高配当（東証配当フォーカス１００）,11.0
1699,ＮＥＸＴ　ＦＵＮＤＳ　ＮＯＭＵＲＡ　原油インデックス連動型上場投信,11.0
170A,ＳＭＴ　ＥＴＦ日本好配当株アクティブ,11.0
178A,グローバルＸ　革新的優良企業　ＥＴＦ,11.0
179A,グローバルＸ　超長期米国債　ＥＴＦ（為替ヘッジあり）,11.0
180A,グローバルＸ　超長期米国債　ＥＴＦ,11.0
181A,ＭＡＸＩＳ米国国債１－３年上場投信（為替ヘッジなし）,11.0
182A,ＭＡＸＩＳ米国国債２０年超上場投信（為替ヘッジなし）,11.0
183A,ＭＡＸＩＳ米国国債２０年超上場投信（為替ヘッジあり）,11.0
188A,グローバルＸ　インド・トップ１０＋　ＥＴＦ,11.0
200A,ＮＥＸＴ　ＦＵＮＤＳ　日経半導体株指数連動型上場投信,11.0
2011,ＳＭＤＡＭ　Ａｃｔｉｖｅ　ＥＴＦ　日本高配当株式,11.0
2012,ｉシェアーズ　米国債０－３ヶ月　ＥＴＦ,11.0
2013,ｉシェアーズ　米国高配当株　ＥＴＦ,11.0
2014,ｉシェアーズ　米国連続増配株　ＥＴＦ,11.0
2015,ｉＦｒｅｅＥＴＦ　米国国債７－１０年（為替ヘッジなし）,11.0
2016,ｉＦｒｅｅＥＴＦ　米国国債７－１０年（為替ヘッジあり）,11.0
2017,ｉＦｒｅｅＥＴＦ　ＪＰＸプライム１５０,11.0
2018,グローバルＸ　ＵＳ　ＲＥＩＴ・トップ２０　ＥＴＦ,11.0
2019,グローバルＸ　米国優先証券　ＥＴＦ（隔月分配型）,11.0
201A,ｉシェアーズ　Ｎｉｆｔｙ　５０　インド株　ＥＴＦ,11.0
2031,ＮＥＸＴ　ＮＯＴＥＳ　香港ハンセン・ダブル・ブル　ＥＴＮ,11.0
2032,ＮＥＸＴ　ＮＯＴＥＳ　香港ハンセン・ベア　ＥＴＮ,11.0
2033,ＮＥＸＴ　ＮＯＴＥＳ　韓国ＫＯＳＰＩ・ダブル・ブル　ＥＴＮ,11.0
2034,ＮＥＸＴ　ＮＯＴＥＳ　韓国ＫＯＳＰＩ・ベア　ＥＴＮ,11.0
2036,ＮＥＸＴ　ＮＯＴＥＳ　金先物　ダブル・ブル　ＥＴＮ,11.0
2037,ＮＥＸＴ　ＮＯＴＥＳ　金先物　ベア　ＥＴＮ,11.0
2038,ＮＥＸＴ　ＮＯＴＥＳ　ドバイ原油先物　ダブル・ブル　ＥＴＮ,11.0
2039,ＮＥＸＴ　ＮＯＴＥＳ　ドバイ原油先物　ベア　ＥＴＮ,11.0
2040,ＮＥＸＴ　ＮＯＴＥＳ　ＮＹダウ・ダブル・ブル・ドルヘッジ　ＥＴＮ,11.0
2041,ＮＥＸＴ　ＮＯＴＥＳ　ＮＹダウ・ベア・ドルヘッジ　ＥＴＮ,11.0
2042,ＮＥＸＴ　ＮＯＴＥＳ　東証グロース市場２５０　ＥＴＮ,11.0
2043,ＮＥＸＴ　ＮＯＴＥＳ　ＳＴＯＸＸ　アセアン好配当５０（円、ネットリターン）ＥＴＮ,11.0
2044,ＮＥＸＴ　ＮＯＴＥＳ　Ｓ＆Ｐ５００　配当貴族（ネットリターン）　ＥＴＮ,11.0
2045,ＮＥＸＴ　ＮＯＴＥＳ　Ｓ＆Ｐ　シンガポール　リート（ネットリターン）　ＥＴＮ,11.0
2046,ＮＥＸＴ　ＮＯＴＥＳ　インドＮｉｆｔｙ・ダブル・ブル　ＥＴＮ,11.0
2047,ＮＥＸＴ　ＮＯＴＥＳ　インドＮｉｆｔｙ・ベア　ＥＴＮ,11.0
2048,ＮＥＸＴ　ＮＯＴＥＳ　野村日本株高配当７０（ドルヘッジ、ネットリターン）ＥＴＮ,11.0
2050,ＮＥＸＴ　ＮＯＴＥＳ　ニッチトップ　中小型日本株（ネットリターン）ＥＴＮ,11.0
2065,ＮＥＸＴ　ＮＯＴＥＳ　日本株配当貴族（ドルヘッジ、ネットリターン）ＥＴＮ,11.0
2066,ＮＥＸＴ　ＮＯＴＥＳ　東証ＲＥＩＴ（ドルヘッジ、ネットリターン）ＥＴＮ,11.0
2067,ＮＥＸＴ　ＮＯＴＥＳ　野村ＡＩビジネス７０（ネットリターン）ＥＴＮ,11.0
2068,ＮＥＸＴ　ＮＯＴＥＳ　高ベータ３０（ネットリターン）ＥＴＮ,11.0
2069,ＮＥＸＴ　ＮＯＴＥＳ　低ベータ５０（ネットリターン）ＥＴＮ,11.0
2070,スマートＥＳＧ３０女性活躍（ネットリターン）ＥＴＮ,11.0
2071,スマートＥＳＧ３０総合（ネットリターン）ＥＴＮ,11.0
2072,トップシェアインデックス（ネットリターン）ＥＴＮ,11.0
2073,スマートＥＳＧ３０低カーボンリスク（ネットリターン）ＥＴＮ,11.0
2080,ＰＢＲ１倍割れ解消推進ＥＴＦ,11.0
2081,政策保有解消推進ＥＴＦ,11.0
2082,投資家経営者一心同体ＥＴＦ,11.0
2083,ＮＥＸＴ　ＦＵＮＤＳ　日本成長株アクティブ上場投信,11.0
2084,ＮＥＸＴ　ＦＵＮＤＳ　日本高配当株アクティブ上場投信,11.0
2085,ＭＡＸＩＳ高配当日本株アクティブ上場投信,11.0
2086,ＮＺＡＭ　上場投信　Ｓ＆Ｐ５００（為替ヘッジあり）,11.0
2087,ＮＺＡＭ　上場投信　ＮＡＳＤＡＱ１００（為替ヘッジあり）,11.0
2088,ＮＺＡＭ　上場投信　ＮＹダウ３０（為替ヘッジあり）,11.0
2089,ＮＺＡＭ　上場投信　ＤＡＸ（為替ヘッジあり）,11.0
2090,ＮＺＡＭ　上場投信　米国国債７－１０年（為替ヘッジあり）,11.0
2091,ＮＺＡＭ　上場投信　ドイツ国債７－１０年（為替ヘッジあり）,11.0
2092,ＮＺＡＭ　上場投信　フランス国債７－１０年（為替ヘッジあり）,11.0
2093,上場Ｔｒａｃｅｒｓ　米国債０－２年ラダー（為替ヘッジなし）,11.0
2094,東証ＲＥＩＴインバースＥＴＦ,11.0
2095,グローバルＸ　Ｓ＆Ｐ５００配当貴族　ＥＴＦ（為替ヘッジあり）,11.0
2096,グローバルＸ　オフィス・Ｊ－ＲＥＩＴ　ＥＴＦ,11.0
2097,グローバルＸ　レジデンシャル・Ｊ－ＲＥＩＴ　ＥＴＦ,11.0
2098,グローバルＸ　ホテル＆リテール・Ｊ－ＲＥＩＴ　ＥＴＦ,11.0
210A,ｉＦｒｅｅＥＴＦ　日経高利回りＲＥＩＴ指数,11.0
213A,上場インデックスファンド日経半導体株,11.0
221A,ＭＡＸＩＳ日経半導体株上場投信,11.0
2235,上場インデックスファンド米国株式（ダウ平均）為替ヘッジなし,11.0
2236,グローバルＸ　Ｓ＆Ｐ５００配当貴族ＥＴＦ,11.0
2237,ｉＦｒｅｅＥＴＦ　Ｓ＆Ｐ５００レバレッジ,11.0
2238,ｉＦｒｅｅＥＴＦ　Ｓ＆Ｐ５００インバース,11.0
2239,上場インデックスファンドＳ＆Ｐ５００先物レバレッジ２倍,11.0
223A,グローバルＸ　ＡＩ＆ビッグデータ　ＥＴＦ,11.0
2240,上場インデックスファンドＳ＆Ｐ５００先物インバース,11.0
2241,ＭＡＸＩＳ　ＮＹダウ上場投信,11.0
2242,ＭＡＸＩＳ　ＮＹダウ上場投信（為替ヘッジあり）,11.0
2243,グローバルＸ　半導体　ＥＴＦ,11.0
2244,グローバルＸ　ＵＳ　テック・トップ２０　ＥＴＦ,11.0
2245,ＮＥＸＴ　ＦＵＮＤＳ　ブルームバーグ・ドイツ国債（７－１０年）インデックス（為替ヘッジあり）連動型上場投信,11.0
2246,ＮＥＸＴ　ＦＵＮＤＳ　ブルームバーグ・フランス国債（７－１０年）インデックス（為替ヘッジあり）連動型上場投信,11.0
2247,ｉＦｒｅｅＥＴＦ　Ｓ＆Ｐ５００（為替ヘッジなし）,11.0
2248,ｉＦｒｅｅＥＴＦ　Ｓ＆Ｐ５００（為替ヘッジあり）,11.0
2249,ｉＦｒｅｅＥＴＦ　Ｓ＆Ｐ５００ダブルインバース,11.0
224A,グローバルＸ　ウラニウムビジネス　ＥＴＦ,11.0
2250,ｉシェアーズ　ＭＳＣＩ　ジャパン気候変動アクション　ＥＴＦ,11.0
2251,ＮＥＸＴ　ＦＵＮＤＳ　ＪＰＸ国債先物ダブルインバース指数連動型上場投信,11.0
2252,グローバルＸ　Ｍｏｒｎｉｎｇｓｔａｒ　米国中小型　Ｍｏａｔ　ＥＴＦ,11.0
2253,グローバルＸ　スーパーディビィデンド－ＵＳ　ＥＴＦ,11.0
2254,グローバルＸ　チャイナＥＶ＆バッテリー　ＥＴＦ,11.0
2255,ｉシェアーズ　米国債２０年超　ＥＴＦ,11.0
2256,ｉシェアーズ　米国総合債券　ＥＴＦ,11.0
2257,ｉシェアーズ　米ドル建て投資適格社債　ＥＴＦ,11.0
2258,ｉシェアーズ　米ドル建てハイイールド社債　ＥＴＦ,11.0
2259,ｉシェアーズ　フランス国債７－１０年　ＥＴＦ（為替ヘッジあり）,11.0
233A,ｉＦｒｅｅＥＴＦ　インドＮｉｆｔｙ５０,11.0
234A,グローバルＸ　ＭＳＣＩ　キャッシュフローキング－日本株式　ＥＴＦ,11.0
235A,グローバルＸ　高配当３０－日本株式　ＥＴＦ,11.0
236A,ｉシェアーズ　日本国債７－１０年　ＥＴＦ,11.0
237A,ｉシェアーズ　米国債２５年超　ロングデュレーション　ＥＴＦ,11.0
238A,ｉシェアーズ　米国債２５年超　ロングデュレーション　ＥＴＦ（為替ヘッジあり）,11.0
2510,ＮＥＸＴ　ＦＵＮＤＳ　国内債券・ＮＯＭＵＲＡ－ＢＰＩ総合連動型上場投信,11.0
2511,ＮＥＸＴ　ＦＵＮＤＳ　外国債券・ＦＴＳＥ世界国債インデックス（除く日本・為替ヘッジなし）連動型上場投信,11.0
2512,ＮＥＸＴ　ＦＵＮＤＳ　外国債券・ＦＴＳＥ世界国債インデックス（除く日本・為替ヘッジあり）連動型上場投信,11.0
2513,ＮＥＸＴ　ＦＵＮＤＳ　外国株式・ＭＳＣＩ－ＫＯＫＵＳＡＩ指数（為替ヘッジなし）連動型上場投信,11.0
2514,ＮＥＸＴ　ＦＵＮＤＳ　外国株式・ＭＳＣＩ－ＫＯＫＵＳＡＩ指数（為替ヘッジあり）連動型上場投信,11.0
2515,ＮＥＸＴ　ＦＵＮＤＳ　外国ＲＥＩＴ・Ｓ＆Ｐ先進国ＲＥＩＴ指数（除く日本・為替ヘッジなし）連動型上場投信,11.0
2516,東証グロース２５０ＥＴＦ,11.0
2517,ＭＡＸＩＳ　Ｊリート・コア上場投信,11.0
2518,ＮＥＸＴ　ＦＵＮＤＳ　ＭＳＣＩ日本株女性活躍指数（セレクト）連動型上場投信,11.0
2519,ＮＥＸＴ　ＦＵＮＤＳ　新興国債券・Ｊ．Ｐ．モルガン・エマージング・マーケット・ボンド・インデックス・プラス（為替ヘッジなし）連動型上場投信,11.0
2520,ＮＥＸＴ　ＦＵＮＤＳ　新興国株式・ＭＳＣＩエマージング・マーケット・インデックス（為替ヘッジなし）連動型上場投信,11.0
2521,上場インデックスファンド米国株式（Ｓ＆Ｐ５００）為替ヘッジあり,11.0
2522,ｉシェアーズ　オートメーション　＆　ロボット　ＥＴＦ,11.0
2523,ＭＡＸＩＳトピックス（除く金融）上場投信,11.0
2524,ＮＺＡＭ　上場投信　ＴＯＰＩＸ,11.0
2525,ＮＺＡＭ　上場投信　日経２２５,11.0
2526,ＮＺＡＭ　上場投信　ＪＰＸ日経４００,11.0
2527,ＮＺＡＭ　上場投信　東証ＲＥＩＴ　Ｃｏｒｅ指数,11.0
2528,ｉＦｒｅｅＥＴＦ　東証ＲＥＩＴ　Ｃｏｒｅ指数,11.0
2529,ＮＥＸＴ　ＦＵＮＤＳ　野村株主還元７０連動型上場投信,11.0
2530,ＭＡＸＩＳ　ＨｕａＡｎ中国株式（上海１８０Ａ株）上場投信,11.0
2552,上場インデックスファンドＪリート（東証ＲＥＩＴ指数）隔月分配型（ミニ）,11.0
2553,Ｏｎｅ　ＥＴＦ　南方　中国Ａ株　ＣＳＩ５００,11.0
2554,ＮＥＸＴ　ＦＵＮＤＳ　ブルームバーグ米国投資適格社債（１－１０年）インデックス（為替ヘッジあり）連動型上場投信,11.0
2555,東証ＲＥＩＴ　ＥＴＦ,11.0
2556,Ｏｎｅ　ＥＴＦ　東証ＲＥＩＴ指数,11.0
2557,ＳＭＤＡＭ　トピックス上場投信,11.0
2558,ＭＡＸＩＳ米国株式（Ｓ＆Ｐ５００）上場投信,11.0
2559,ＭＡＸＩＳ全世界株式（オール・カントリー）上場投信,11.0
2560,ＭＡＸＩＳカーボン・エフィシェント日本株上場投信,11.0
2561,ｉシェアーズ・コア　日本国債　ＥＴＦ,11.0
2562,上場インデックスファンド米国株式（ダウ平均）為替ヘッジあり,11.0
2563,ｉシェアーズ　Ｓ＆Ｐ　５００　米国株　ＥＴＦ（為替ヘッジあり）,11.0
2564,グローバルＸ　ＭＳＣＩスーパーディビィデンド－日本株式　ＥＴＦ,11.0
2565,グローバルＸ　ロジスティクス・Ｊ－ＲＥＩＴ　ＥＴＦ,11.0
2566,上場インデックスファンド日経ＥＳＧリート,11.0
2567,ＮＺＡＭ　上場投信　Ｓ＆Ｐ／ＪＰＸカーボン・エフィシェント指数,11.0
2568,上場インデックスファンド米国株式（ＮＡＳＤＡＱ１００）為替ヘッジなし,11.0
2569,上場インデックスファンド米国株式（ＮＡＳＤＡＱ１００）為替ヘッジあり,11.0
257A,ＳＭＴ　ＥＴＦ日本株厳選投資アクティブ,11.0
258A,ＳＭＴ　ＥＴＦ国内リート厳選投資アクティブ,11.0
2620,ｉシェアーズ　米国債１－３年　ＥＴＦ,11.0
2621,ｉシェアーズ　米国債２０年超　ＥＴＦ（為替ヘッジあり）,11.0
2622,ｉシェアーズ　米ドル建て新興国債券　ＥＴＦ（為替ヘッジあり）,11.0
2623,ｉシェアーズ　ユーロ建て投資適格社債　ＥＴＦ（為替ヘッジあり）,11.0
2624,ｉＦｒｅｅＥＴＦ　日経２２５（年４回決算型）,11.0
2625,ｉＦｒｅｅＥＴＦ　ＴＯＰＩＸ（年４回決算型）,11.0
2626,グローバルＸ　デジタル・イノベーション－日本株式　ＥＴＦ,11.0
2627,グローバルＸ　ｅコマース－日本株式　ＥＴＦ,11.0
2628,ｉＦｒｅｅＥＴＦ　中国科創板５０（ＳＴＡＲ５０）,11.0
2629,ｉＦｒｅｅＥＴＦ　中国グレーターベイエリア・イノベーション１００（ＧＢＡ１００）,11.0
2630,ＭＡＸＩＳ米国株式（Ｓ＆Ｐ５００）上場投信（為替ヘッジあり）,11.0
2631,ＭＡＸＩＳナスダック１００上場投信,11.0
2632,ＭＡＸＩＳナスダック１００上場投信（為替ヘッジあり）,11.0
2633,ＮＥＸＴ　ＦＵＮＤＳ　Ｓ＆Ｐ　５００　指数（為替ヘッジなし）連動型上場投信,11.0
2634,ＮＥＸＴ　ＦＵＮＤＳ　Ｓ＆Ｐ　５００　指数（為替ヘッジあり）連動型上場投信,11.0
2635,ＮＥＸＴ　ＦＵＮＤＳ　Ｓ＆Ｐ　５００スコアリング＆スクリーニング指数連動型上場投信,11.0
2636,グローバルＸ　ＭＳＣＩ　ガバナンス・クオリティ－日本株式　ＥＴＦ,11.0
2637,グローバルＸ　クリーンテック－日本株式　ＥＴＦ,11.0
2638,グローバルＸ　ロボティクス＆ＡＩ－日本株式　ＥＴＦ,11.0
2639,グローバルＸ　バイオ＆メドテック－日本株式　ＥＴＦ,11.0
2640,グローバルＸ　ゲーム＆アニメ－日本株式　ＥＴＦ,11.0
2641,グローバルＸ　グローバルリーダーズ－日本株式　ＥＴＦ,11.0
2642,ＳＭＴ　ＥＴＦカーボン・エフィシェント日本株,11.0
2643,ＮＥＸＴ　ＦＵＮＤＳ　ＭＳＣＩジャパンカントリー指数（セレクト）連動型上場投信,11.0
2644,グローバルＸ　半導体関連－日本株式　ＥＴＦ,11.0
2645,グローバルＸ　レジャー＆エンターテインメント－日本株式　ＥＴＦ,11.0
2646,グローバルＸ　メタルビジネス－日本株式　ＥＴＦ,11.0
2647,ＮＥＸＴ　ＦＵＮＤＳ　ブルームバーグ米国国債（７－１０年）インデックス（為替ヘッジなし）連動型上場投信,11.0
2648,ＮＥＸＴ　ＦＵＮＤＳ　ブルームバーグ米国国債（７－１０年）インデックス（為替ヘッジあり）連動型上場投信,11.0
2649,ｉシェアーズ　米国政府系機関ジニーメイＭＢＳ　ＥＴＦ（為替ヘッジあり）,11.0
273A,ＳＢＩ　サウジアラビア株式上場投信,11.0
282A,グローバルＸ　半導体・トップ１０－日本株式　ＥＴＦ,11.0
2836,グローバルＸ　フィンテック－日本株式　ＥＴＦ,11.0
2837,グローバルＸ　中小型リーダーズ－日本株式　ＥＴＦ,11.0
2838,ＭＡＸＩＳ米国国債７－１０年上場投信（為替ヘッジなし）,11.0
2839,ＭＡＸＩＳ米国国債７－１０年上場投信（為替ヘッジあり）,11.0
283A,グローバルＸ　ＵＳ　テック・配当貴族　ＥＴＦ,11.0
2840,ｉＦｒｅｅＥＴＦ　ＮＡＳＤＡＱ１００（為替ヘッジなし）,11.0
2841,ｉＦｒｅｅＥＴＦ　ＮＡＳＤＡＱ１００（為替ヘッジあり）,11.0
2842,ｉＦｒｅｅＥＴＦ　ＮＡＳＤＡＱ１００インバース,11.0
2843,上場インデックスファンド豪州国債（為替ヘッジあり）,11.0
2844,上場インデックスファンド豪州国債（為替ヘッジなし）,11.0
2845,ＮＥＸＴ　ＦＵＮＤＳ　ＮＡＳＤＡＱ－１００（為替ヘッジあり）連動型上場投信,11.0
2846,ＮＥＸＴ　ＦＵＮＤＳ　ダウ・ジョーンズ工業株３０種平均株価（為替ヘッジあり）連動型上場投信,11.0
2847,グローバルＸ　新成長インフラ－日本株式　ＥＴＦ,11.0
2848,グローバルＸ　ＭＳＣＩ　気候変動対応－日本株式　ＥＴＦ,11.0
2849,グローバルＸ　Ｍｏｒｎｉｎｇｓｔａｒ　高配当　ＥＳＧ－日本株式　ＥＴＦ,11.0
2851,ｉシェアーズ　ＭＳＣＩ　ジャパンＳＲＩ　ＥＴＦ,11.0
2852,ｉシェアーズ　グリーンＪリート　ＥＴＦ,11.0
2853,ｉシェアーズ　気候リスク調整世界国債　ＥＴＦ（除く日本・為替ヘッジあり）,11.0
2854,グローバルＸ　テック・トップ２０－日本株式　ＥＴＦ,11.0
2855,グローバルＸ　グリーン・Ｊ－ＲＥＩＴ　ＥＴＦ,11.0
2856,ｉシェアーズ　米国債３－７年　ＥＴＦ（為替ヘッジあり）,11.0
2857,ｉシェアーズ　ドイツ国債　ＥＴＦ（為替ヘッジあり）,11.0
2858,グローバルＸ　日経２２５　カバード・コール　ＥＴＦ（プレミアム再投資型）,11.0
2859,ＮＥＸＴ　ＦＵＮＤＳ　ユーロ・ストックス５０指数（為替ヘッジあり）連動型上場投信,11.0
2860,ＮＥＸＴ　ＦＵＮＤＳ　ドイツ株式・ＤＡＸ（為替ヘッジあり）連動型上場投信,11.0
2861,上場インデックスファンドフランス国債（為替ヘッジなし）,11.0
2862,上場インデックスファンドフランス国債（為替ヘッジあり）,11.0
2863,ＮＥＸＴ　ＦＵＮＤＳ　Ｓ＆Ｐ米国株式・債券バランス保守型指数（為替ヘッジあり）連動型上場投信,11.0
2864,グローバルＸ　ロジスティクス・ＲＥＩＴ　ＥＴＦ,11.0
2865,グローバルＸ　ＮＡＳＤＡＱ１００・カバード・コール　ＥＴＦ,11.0
2866,グローバルＸ　米国優先証券　ＥＴＦ,11.0
2867,グローバルＸ　自動運転＆ＥＶ　ＥＴＦ,11.0
2868,グローバルＸ　Ｓ＆Ｐ５００・カバード・コール　ＥＴＦ,11.0
2869,ｉＦｒｅｅＥＴＦ　ＮＡＳＤＡＱ１００レバレッジ,11.0
2870,ｉＦｒｅｅＥＴＦ　ＮＡＳＤＡＱ１００ダブルインバース,11.0
294A,ＮＥＸＴ　ＦＵＮＤＳ　ＭＳＣＩジャパン気候変動指数（セレクト）連動型上場投信,11.0
295A,Ｏｎｅ　ＥＴＦ　ＦＴＳＥ・サウジアラビア・インデックス,11.0
313A,ｉシェアーズ　Ｓ＆Ｐ　５００　トップ　２０　ＥＴＦ,11.0
314A,ｉシェアーズ　ゴールド　ＥＴＦ,11.0
315A,グローバルＸ　銀行　高配当－日本株式　ＥＴＦ,11.0
316A,ｉＦｒｅｅＥＴＦ　ＦＡＮＧ＋,11.0
318A,ＶＩＸ短期先物指数ＥＴＦ,11.0
328A,グローバルＸ　プライシングパワー・リーダーズ－日本株式　ＥＴＦ,11.0
345A,高配当成長　日本株（ネットリターン）ＥＴＮ,11.0
346A,ＮＥＸＴ　ＦＵＮＤＳ　Ｓ＆Ｐ　５００　半導体・半導体製造装置３５％キャップ指数連動型上場投信,11.0
348A,ＭＡＸＩＳ読売３３３日本株上場投信,11.0
349A,ＳＭＤＡＭ　Ａｃｔｉｖｅ　ＥＴＦ　日本グロース株式,11.0
354A,ｉＦｒｅｅＥＴＦ　ブルームバーグ日本株高配当５０指数,11.0
356A,グローバルＸ　Ｓ＆Ｐ５００　キャッシュフロー・トップ１００　ＥＴＦ,11.0
360A,東証ＲＥＩＴ　Ｃｏｒｅ　ＥＴＦ,11.0
363A,ｉＦｒｅｅＥＴＦ　英国ＦＴＳＥ１００,11.0
364A,ＮＥＸＴ　ＦＵＮＤＳ　Ｓ＆Ｐ　５００　配当貴族指数連動型上場投信,11.0
376A,ＮＥＸＴ　ＦＵＮＤＳ　ブルームバーグ米国国債（７－１０年）インデックス（７５％為替ヘッジあり）連動型上場投信,11.0
379A,グローバルＸ　Ｓ＆Ｐ５００　ＥＴＦ（ダイナミック・プロテクション）,11.0
380A,グローバルＸ　チャイナテック　ＥＴＦ,11.0
381A,ｉＦｒｅｅＥＴＦ　米国国債３－５年（為替ヘッジなし）,11.0
382A,ｉＦｒｅｅＥＴＦ　米国国債３－５年（為替ヘッジあり）,11.0
383A,ＭＡＸＩＳ　Ｓ＆Ｐ５００均等ウェイト上場投信,11.0
392A,ｉシェアーズ　ＮＡＳＤＡＱ　トップ　３０　ＥＴＦ,11.0
394A,業界改革厳選ＥＴＦテレビ業界,11.0
395A,業界改革厳選ＥＴＦ地銀,11.0
396A,業界改革厳選ＥＴＦ　ＲＥＩＴイベント・ドリブン,11.0
399A,上場インデックスファンド日経平均高配当株５０,11.0
404A,グローバルＸ　チャイナテック・トップ１０　ＥＴＦ,11.0
408A,ｉシェアーズ　ＡＩ　グローバル・イノベーション　アクティブ　ＥＴＦ,11.0
412A,ＮＥＸＴ　ＦＵＮＤＳ　ＴＩＰ　ＦａｃｔＳｅｔ　台湾イノベイティブ・テクノロジー５０指数連動型上場投信,11.0
413A,ｉＦｒｅｅＥＴＦ　キャセイ台湾テックリーダー指数,11.0
424A,グローバルＸ　ゴールド　ＥＴＦ（為替ヘッジあり）,11.0
425A,グローバルＸ　ゴールド　ＥＴＦ,11.0
426A,ニッセイＥＴＦ　Ｓ＆Ｐ５００イコール・ウェイト（為替ヘッジなし）,11.0
435A,ｉＦｒｅｅＥＴＦ　日本株配当ローテーション戦略,11.0
443A,ｉＦｒｅｅＥＴＦ　東証ＲＥＩＴ指数（２・５・８・１１月決算型）,11.0
447A,ステート・ストリート・スパイダー　ゴールド　ＥＴＦ（為替ヘッジなし）,11.0
448A,ステート・ストリート・スパイダー　ゴールド　ＥＴＦ（為替ヘッジあり）,11.0
449A,ステート・ストリート・スパイダー　Ｓ＆Ｐ５００　ＥＴＦ（為替ヘッジなし）,11.0
450A,ステート・ストリート・スパイダー　Ｓ＆Ｐ５００　ＥＴＦ（為替ヘッジあり）,11.0
451A,ステート・ストリート・スパイダー　Ｓ＆Ｐ５００高配当株　ＥＴＦ,11.0
452A,ｉシェアーズ　Ｓ＆Ｐ　５００　プレミアムインカム　ＥＴＦ,11.0
453A,ｉシェアーズ　米国債２０年超　プレミアムインカム　ＥＴＦ,11.0
459A,野村高利回りＪリート指数ＥＴＦ,11.0
461A,ＭＡＸＩＳ日本株高配当ＳＭＡＲＴ５０上場投信,11.0
465A,グローバルＸ　日経平均株主還元４０－日本株式　ＥＴＦ,11.0
466A,グローバルＸ　防衛テック　ＥＴＦ,11.0
467A,グローバルＸ　米ドル建て投資適格社債　ＥＴＦ（為替ヘッジあり）,11.0
468A,グローバルＸ　米ドル建て投資適格社債　ＥＴＦ,11.0
473A,ニッセイＥＴＦ　日経２２５インデックス,11.0
486A,ＮＥＸＴ　ＦＵＮＤＳ　ユーロ・ストックス５０指数（為替ヘッジなし）連動型上場投信,11.0
487A,ＮＥＸＴ　ＦＵＮＤＳ　ドイツ株式・ＤＡＸ（為替ヘッジなし）連動型上場投信,11.0
488A,ｉシェアーズ　円高フォーカス　ＥＴＦ,11.0
489A,東証ＲＥＩＴ物流フォーカスＥＴＦ,11.0
491A,ｉシェアーズ　Ｓ＆Ｐ　５００　除く金融　ＥＴＦ（為替ヘッジあり）,11.0
492A,Ｏｎｅ　ＥＴＦ　日本国債　高クーポン（平均残存１０年未満）,11.0
493A,Ｏｎｅ　ＥＴＦ　日本国債　１－３年,11.0
494A,Ｏｎｅ　ＥＴＦ　日本国債　３－７年,11.0
495A,Ｏｎｅ　ＥＴＦ　日本国債　７－１０年,11.0
496A,Ｏｎｅ　ＥＴＦ　日本国債　１７－２０年,11.0
497A,インバウンド消費関連　日本株（ネットリターン）ＥＴＮ,11.0
498A,防衛・航空宇宙　欧州株（ネットリターン）ＥＴＮ,11.0
499A,ラグジュアリー厳選１０　欧州株（ネットリターン）ＥＴＮ,11.0
502A,グローバルＸ　超短期円建て債券　ＥＴＦ,11.0
0,日経平均株価,12.0
1,NYダウ,12.0
2,S&P500,12.0
3,ドル円,12.0
4,TOPIX,12.0
A,Agilent Technologies,100.0
AAPL,Apple Inc.,100.0
ABBV,AbbVie,100.0
ABNB,Airbnb,100.0
ABT,Abbott Laboratories,100.0
ACGL,Arch Capital Group,100.0
ACN,Accenture,100.0
ADBE,Adobe Inc.,100.0
ADI,Analog Devices,100.0
ADM,Archer Daniels Midland,100.0
ADP,Automatic Data Processing,100.0
ADSK,Autodesk,100.0
AEE,Ameren,100.0
AEP,American Electric Power,100.0
AES,AES Corporation,100.0
AFL,Aflac,100.0
AIG,American International Group,100.0
AIZ,Assurant,100.0
AJG,Arthur J. Gallagher & Co.,100.0
AKAM,Akamai Technologies,100.0
ALB,Albemarle Corporation,100.0
ALGN,Align Technology,100.0
ALL,Allstate,100.0
ALLE,Allegion,100.0
AMAT,Applied Materials,100.0
AMCR,Amcor,100.0
AMD,Advanced Micro Devices,100.0
AME,Ametek,100.0
AMGN,Amgen,100.0
AMP,Ameriprise Financial,100.0
AMT,American Tower,100.0
AMZN,Amazon,100.0
ANET,Arista Networks,100.0
AON,Aon plc,100.0
AOS,A. O. Smith,100.0
APA,APA Corporation,100.0
APD,Air Products,100.0
APH,Amphenol,100.0
APO,Apollo Global Management,100.0
APP,AppLovin,100.0
APTV,Aptiv,100.0
ARE,Alexandria Real Estate Equities,100.0
ARES,Ares Management,100.0
ATO,Atmos Energy,100.0
AVB,AvalonBay Communities,100.0
AVGO,Broadcom,100.0
AVY,Avery Dennison,100.0
AWK,American Water Works,100.0
AXON,Axon Enterprise,100.0
AXP,American Express,100.0
AZO,AutoZone,100.0
BA,Boeing,100.0
BAC,Bank of America,100.0
BALL,Ball Corporation,100.0
BAX,Baxter International,100.0
BBY,Best Buy,100.0
BDX,Becton Dickinson,100.0
BEN,Franklin Resources,100.0
BF-B,Brown–Forman,100.0
BG,Bunge Global,100.0
BIIB,Biogen,100.0
BK,BNY Mellon,100.0
BKNG,Booking Holdings,100.0
BKR,Baker Hughes,100.0
BLDR,Builders FirstSource,100.0
BLK,BlackRock,100.0
BMY,Bristol Myers Squibb,100.0
BR,Broadridge Financial Solutions,100.0
BRK-B,Berkshire Hathaway,100.0
BRO,Brown & Brown,100.0
BSX,Boston Scientific,100.0
BX,Blackstone Inc.,100.0
BXP,"BXP, Inc.",100.0
C,Citigroup,100.0
CAG,Conagra Brands,100.0
CAH,Cardinal Health,100.0
CARR,Carrier Global,100.0
CAT,Caterpillar Inc.,100.0
CB,Chubb Limited,100.0
CBOE,Cboe Global Markets,100.0
CBRE,CBRE Group,100.0
CCI,Crown Castle,100.0
CCL,Carnival,100.0
CDNS,Cadence Design Systems,100.0
CDW,CDW Corporation,100.0
CEG,Constellation Energy,100.0
CF,CF Industries,100.0
CFG,Citizens Financial Group,100.0
CHD,Church & Dwight,100.0
CHRW,C.H. Robinson,100.0
CHTR,Charter Communications,100.0
CI,Cigna,100.0
CIEN,Ciena,100.0
CINF,Cincinnati Financial,100.0
CL,Colgate-Palmolive,100.0
CLX,Clorox,100.0
CMCSA,Comcast,100.0
CME,CME Group,100.0
CMG,Chipotle Mexican Grill,100.0
CMI,Cummins,100.0
CMS,CMS Energy,100.0
CNC,Centene Corporation,100.0
CNP,CenterPoint Energy,100.0
COF,Capital One,100.0
COIN,Coinbase,100.0
COO,Cooper Companies (The),100.0
COP,ConocoPhillips,100.0
COR,Cencora,100.0
COST,Costco,100.0
CPAY,Corpay,100.0
CPB,Campbell's Company (The),100.0
CPRT,Copart,100.0
CPT,Camden Property Trust,100.0
CRH,CRH plc,100.0
CRL,Charles River Laboratories,100.0
CRM,Salesforce,100.0
CRWD,CrowdStrike,100.0
CSCO,Cisco,100.0
CSGP,CoStar Group,100.0
CSX,CSX Corporation,100.0
CTAS,Cintas,100.0
CTRA,Coterra,100.0
CTSH,Cognizant,100.0
CTVA,Corteva,100.0
CVNA,Carvana,100.0
CVS,CVS Health,100.0
CVX,Chevron Corporation,100.0
D,Dominion Energy,100.0
DAL,Delta Air Lines,100.0
DASH,DoorDash,100.0
DD,DuPont,100.0
DDOG,Datadog,100.0
DE,Deere & Company,100.0
DECK,Deckers Brands,100.0
DELL,Dell Technologies,100.0
DG,Dollar General,100.0
DGX,Quest Diagnostics,100.0
DHI,D. R. Horton,100.0
DHR,Danaher Corporation,100.0
DIS,Walt Disney Company (The),100.0
DLR,Digital Realty,100.0
DLTR,Dollar Tree,100.0
DOC,Healthpeak Properties,100.0
DOV,Dover Corporation,100.0
DOW,Dow Inc.,100.0
DPZ,Domino's,100.0
DRI,Darden Restaurants,100.0
DTE,DTE Energy,100.0
DUK,Duke Energy,100.0
DVA,DaVita,100.0
DVN,Devon Energy,100.0
DXCM,Dexcom,100.0
EA,Electronic Arts,100.0
EBAY,eBay Inc.,100.0
ECL,Ecolab,100.0
ED,Consolidated Edison,100.0
EFX,Equifax,100.0
EG,Everest Group,100.0
EIX,Edison International,100.0
EL,Estée Lauder Companies (The),100.0
ELV,Elevance Health,100.0
EME,Emcor,100.0
EMR,Emerson Electric,100.0
EOG,EOG Resources,100.0
EPAM,EPAM Systems,100.0
EQIX,Equinix,100.0
EQR,Equity Residential,100.0
EQT,EQT Corporation,100.0
ERIE,Erie Indemnity,100.0
ES,Eversource Energy,100.0
ESS,Essex Property Trust,100.0
ETN,Eaton Corporation,100.0
ETR,Entergy,100.0
EVRG,Evergy,100.0
EW,Edwards Lifesciences,100.0
EXC,Exelon,100.0
EXE,Expand Energy,100.0
EXPD,Expeditors International,100.0
EXPE,Expedia Group,100.0
EXR,Extra Space Storage,100.0
F,Ford Motor Company,100.0
FANG,Diamondback Energy,100.0
FAST,Fastenal,100.0
FCX,Freeport-McMoRan,100.0
FDS,FactSet,100.0
FDX,FedEx,100.0
FE,FirstEnergy,100.0
FFIV,"F5, Inc.",100.0
FICO,Fair Isaac,100.0
FIS,Fidelity National Information Services,100.0
FISV,Fiserv,100.0
FITB,Fifth Third Bancorp,100.0
FIX,Comfort Systems USA,100.0
FOX,Fox Corporation (Class B),100.0
FOXA,Fox Corporation (Class A),100.0
FRT,Federal Realty Investment Trust,100.0
FSLR,First Solar,100.0
FTNT,Fortinet,100.0
FTV,Fortive,100.0
GD,General Dynamics,100.0
GDDY,GoDaddy,100.0
GE,GE Aerospace,100.0
GEHC,GE HealthCare,100.0
GEN,Gen Digital,100.0
GEV,GE Vernova,100.0
GILD,Gilead Sciences,100.0
GIS,General Mills,100.0
GL,Globe Life,100.0
GLW,Corning Inc.,100.0
GM,General Motors,100.0
GNRC,Generac,100.0
GOOG,Alphabet Inc. (Class C),100.0
GOOGL,Alphabet Inc. (Class A),100.0
GPC,Genuine Parts Company,100.0
GPN,Global Payments,100.0
GRMN,Garmin,100.0
GS,Goldman Sachs,100.0
GWW,W. W. Grainger,100.0
HAL,Halliburton,100.0
HAS,Hasbro,100.0
HBAN,Huntington Bancshares,100.0
HCA,HCA Healthcare,100.0
HD,Home Depot (The),100.0
HIG,Hartford (The),100.0
HII,Huntington Ingalls Industries,100.0
HLT,Hilton Worldwide,100.0
HOLX,Hologic,100.0
HON,Honeywell,100.0
HOOD,Robinhood Markets,100.0
HPE,Hewlett Packard Enterprise,100.0
HPQ,HP Inc.,100.0
HRL,Hormel Foods,100.0
HSIC,Henry Schein,100.0
HST,Host Hotels & Resorts,100.0
HSY,Hershey Company (The),100.0
HUBB,Hubbell Incorporated,100.0
HUM,Humana,100.0
HWM,Howmet Aerospace,100.0
IBKR,Interactive Brokers,100.0
IBM,IBM,100.0
ICE,Intercontinental Exchange,100.0
IDXX,Idexx Laboratories,100.0
IEX,IDEX Corporation,100.0
IFF,International Flavors & Fragrances,100.0
INCY,Incyte,100.0
INTC,Intel,100.0
INTU,Intuit,100.0
INVH,Invitation Homes,100.0
IP,International Paper,100.0
IQV,IQVIA,100.0
IR,Ingersoll Rand,100.0
IRM,Iron Mountain,100.0
ISRG,Intuitive Surgical,100.0
IT,Gartner,100.0
ITW,Illinois Tool Works,100.0
IVZ,Invesco,100.0
J,Jacobs Solutions,100.0
JBHT,J.B. Hunt,100.0
JBL,Jabil,100.0
JCI,Johnson Controls,100.0
JKHY,Jack Henry & Associates,100.0
JNJ,Johnson & Johnson,100.0
JPM,JPMorgan Chase,100.0
KDP,Keurig Dr Pepper,100.0
KEY,KeyCorp,100.0
KEYS,Keysight Technologies,100.0
KHC,Kraft Heinz,100.0
KIM,Kimco Realty,100.0
KKR,KKR & Co.,100.0
KLAC,KLA Corporation,100.0
KMB,Kimberly-Clark,100.0
KMI,Kinder Morgan,100.0
KO,Coca-Cola Company (The),100.0
KR,Kroger,100.0
KVUE,Kenvue,100.0
L,Loews Corporation,100.0
LDOS,Leidos,100.0
LEN,Lennar,100.0
LH,Labcorp,100.0
LHX,L3Harris,100.0
LII,Lennox International,100.0
LIN,Linde plc,100.0
LLY,Lilly (Eli),100.0
LMT,Lockheed Martin,100.0
LNT,Alliant Energy,100.0
LOW,Lowe's,100.0
LRCX,Lam Research,100.0
LULU,Lululemon Athletica,100.0
LUV,Southwest Airlines,100.0
LVS,Las Vegas Sands,100.0
LW,Lamb Weston,100.0
LYB,LyondellBasell,100.0
LYV,Live Nation Entertainment,100.0
MA,Mastercard,100.0
MAA,Mid-America Apartment Communities,100.0
MAR,Marriott International,100.0
MAS,Masco,100.0
MCD,McDonald's,100.0
MCHP,Microchip Technology,100.0
MCK,McKesson Corporation,100.0
MCO,Moody's Corporation,100.0
MDLZ,Mondelez International,100.0
MDT,Medtronic,100.0
MET,MetLife,100.0
META,Meta Platforms,100.0
MGM,MGM Resorts,100.0
MKC,McCormick & Company,100.0
MLM,Martin Marietta Materials,100.0
MMM,3M,100.0
MNST,Monster Beverage,100.0
MO,Altria,100.0
MOH,Molina Healthcare,100.0
MOS,Mosaic Company (The),100.0
MPC,Marathon Petroleum,100.0
MPWR,Monolithic Power Systems,100.0
MRK,Merck & Co.,100.0
MRNA,Moderna,100.0
MRSH,Marsh McLennan,100.0
MS,Morgan Stanley,100.0
MSCI,MSCI Inc.,100.0
MSFT,Microsoft,100.0
MSI,Motorola Solutions,100.0
MTB,M&T Bank,100.0
MTCH,Match Group,100.0
MTD,Mettler Toledo,100.0
MU,Micron Technology,100.0
NCLH,Norwegian Cruise Line Holdings,100.0
NDAQ,"Nasdaq, Inc.",100.0
NDSN,Nordson Corporation,100.0
NEE,NextEra Energy,100.0
NEM,Newmont,100.0
NFLX,Netflix,100.0
NI,NiSource,100.0
NKE,"Nike, Inc.",100.0
NOC,Northrop Grumman,100.0
NOW,ServiceNow,100.0
NRG,NRG Energy,100.0
NSC,Norfolk Southern,100.0
NTAP,NetApp,100.0
NTRS,Northern Trust,100.0
NUE,Nucor,100.0
NVDA,Nvidia,100.0
NVR,"NVR, Inc.",100.0
NWS,News Corp (Class B),100.0
NWSA,News Corp (Class A),100.0
NXPI,NXP Semiconductors,100.0
O,Realty Income,100.0
ODFL,Old Dominion,100.0
OKE,Oneok,100.0
OMC,Omnicom Group,100.0
ON,ON Semiconductor,100.0
ORCL,Oracle Corporation,100.0
ORLY,O’Reilly Automotive,100.0
OTIS,Otis Worldwide,100.0
OXY,Occidental Petroleum,100.0
PANW,Palo Alto Networks,100.0
PAYC,Paycom,100.0
PAYX,Paychex,100.0
PCAR,Paccar,100.0
PCG,PG&E Corporation,100.0
PEG,Public Service Enterprise Group,100.0
PEP,PepsiCo,100.0
PFE,Pfizer,100.0
PFG,Principal Financial Group,100.0
PG,Procter & Gamble,100.0
PGR,Progressive Corporation,100.0
PH,Parker Hannifin,100.0
PHM,PulteGroup,100.0
PKG,Packaging Corporation of America,100.0
PLD,Prologis,100.0
PLTR,Palantir Technologies,100.0
PM,Philip Morris International,100.0
PNC,PNC Financial Services,100.0
PNR,Pentair,100.0
PNW,Pinnacle West Capital,100.0
PODD,Insulet Corporation,100.0
POOL,Pool Corporation,100.0
PPG,PPG Industries,100.0
PPL,PPL Corporation,100.0
PRU,Prudential Financial,100.0
PSA,Public Storage,100.0
PSKY,Paramount Skydance Corporation,100.0
PSX,Phillips 66,100.0
PTC,PTC Inc.,100.0
PWR,Quanta Services,100.0
PYPL,PayPal,100.0
Q,Qnity Electronics,100.0
QCOM,Qualcomm,100.0
RCL,Royal Caribbean Group,100.0
REG,Regency Centers,100.0
REGN,Regeneron Pharmaceuticals,100.0
RF,Regions Financial Corporation,100.0
RJF,Raymond James Financial,100.0
RL,Ralph Lauren Corporation,100.0
RMD,ResMed,100.0
ROK,Rockwell Automation,100.0
ROL,"Rollins, Inc.",100.0
ROP,Roper Technologies,100.0
ROST,Ross Stores,100.0
RSG,Republic Services,100.0
RTX,RTX Corporation,100.0
RVTY,Revvity,100.0
SBAC,SBA Communications,100.0
SBUX,Starbucks,100.0
SCHW,Charles Schwab Corporation,100.0
SHW,Sherwin-Williams,100.0
SJM,J.M. Smucker Company (The),100.0
SLB,Schlumberger,100.0
SMCI,Supermicro,100.0
SNA,Snap-on,100.0
SNDK,Sandisk,100.0
SNPS,Synopsys,100.0
SO,Southern Company,100.0
SOLV,Solventum,100.0
SPG,Simon Property Group,100.0
SPGI,S&P Global,100.0
SRE,Sempra,100.0
STE,Steris,100.0
STLD,Steel Dynamics,100.0
STT,State Street Corporation,100.0
STX,Seagate Technology,100.0
STZ,Constellation Brands,100.0
SW,Smurfit Westrock,100.0
SWK,Stanley Black & Decker,100.0
SWKS,Skyworks Solutions,100.0
SYF,Synchrony Financial,100.0
SYK,Stryker Corporation,100.0
SYY,Sysco,100.0
T,AT&T,100.0
TAP,Molson Coors Beverage Company,100.0
TDG,TransDigm Group,100.0
TDY,Teledyne Technologies,100.0
TECH,Bio-Techne,100.0
TEL,TE Connectivity,100.0
TER,Teradyne,100.0
TFC,Truist Financial,100.0
TGT,Target Corporation,100.0
TJX,TJX Companies,100.0
TKO,TKO Group Holdings,100.0
TMO,Thermo Fisher Scientific,100.0
TMUS,T-Mobile US,100.0
TPL,Texas Pacific Land Corporation,100.0
TPR,"Tapestry, Inc.",100.0
TRGP,Targa Resources,100.0
TRMB,Trimble Inc.,100.0
TROW,T. Rowe Price,100.0
TRV,Travelers Companies (The),100.0
TSCO,Tractor Supply,100.0
TSLA,"Tesla, Inc.",100.0
TSN,Tyson Foods,100.0
TT,Trane Technologies,100.0
TTD,Trade Desk (The),100.0
TTWO,Take-Two Interactive,100.0
TXN,Texas Instruments,100.0
TXT,Textron,100.0
TYL,Tyler Technologies,100.0
UAL,United Airlines Holdings,100.0
UBER,Uber,100.0
UDR,"UDR, Inc.",100.0
UHS,Universal Health Services,100.0
ULTA,Ulta Beauty,100.0
UNH,UnitedHealth Group,100.0
UNP,Union Pacific Corporation,100.0
UPS,United Parcel Service,100.0
URI,United Rentals,100.0
USB,U.S. Bancorp,100.0
V,Visa Inc.,100.0
VICI,Vici Properties,100.0
VLO,Valero Energy,100.0
VLTO,Veralto,100.0
VMC,Vulcan Materials Company,100.0
VRSK,Verisk Analytics,100.0
VRSN,Verisign,100.0
VRTX,Vertex Pharmaceuticals,100.0
VST,Vistra Corp.,100.0
VTR,Ventas,100.0
VTRS,Viatris,100.0
VZ,Verizon,100.0
WAB,Wabtec,100.0
WAT,Waters Corporation,100.0
WBD,Warner Bros. Discovery,100.0
WDAY,"Workday, Inc.",100.0
WDC,Western Digital,100.0
WEC,WEC Energy Group,100.0
WELL,Welltower,100.0
WFC,Wells Fargo,100.0
WM,Waste Management,100.0
WMB,Williams Companies,100.0
WMT,Walmart,100.0
WRB,W. R. Berkley Corporation,100.0
WSM,"Williams-Sonoma, Inc.",100.0
WST,West Pharmaceutical Services,100.0
WTW,Willis Towers Watson,100.0
WY,Weyerhaeuser,100.0
WYNN,Wynn Resorts,100.0
XEL,Xcel Energy,100.0
XOM,ExxonMobil,100.0
XYL,Xylem Inc.,100.0
XYZ,"Block, Inc.",100.0
YUM,Yum! Brands,100.0
ZBH,Zimmer Biomet,100.0
ZBRA,Zebra Technologies,100.0
ZTS,Zoetis,100.0
